ln_income;mother_edu;caste_religion_group;elec;dist_school_km;poor;A/t;Y/t;predicted_ite
0,153239849;-0,67090392;-0,487736232;0,94982836;-0,336346989;1,537980694;1;2520;-28,70141602
0,305890493;-0,67090392;-0,487736232;0,94982836;-0,336346989;1,537980694;1;2880;-29,20605469
0,107523777;-0,67090392;-0,487736232;0,94982836;-0,336346989;-0,65020322;0;2580;-28,49047852
-0,458853116;-0,67090392;1,036439493;0,94982836;1,614837202;1,537980694;0;2520;-30,52807617
1,787709225;-0,67090392;1,798527356;-1,052821796;-0,336346989;1,537980694;0;1200;-30,56933594
1,34769323;-0,67090392;-1,249824095;-1,052821796;-0,336346989;1,537980694;1;3000;-32,39575195
1,865971439;2,65982476;-1,249824095;-1,052821796;-0,336346989;1,537980694;1;2160;-35,88818359
0,343598108;0,99446042;-0,487736232;0,94982836;-0,336346989;-0,65020322;1;2640;-29,64160156
-0,249897067;-0,67090392;0,274351631;0,94982836;-0,336346989;1,537980694;0;2760;-27,4699707
-0,073045497;-0,67090392;1,798527356;0,94982836;-0,336346989;-0,65020322;0;2520;-26,20654297
-1,273069276;-0,67090392;0,274351631;0,94982836;-0,336346989;1,537980694;0;2520;-28,35253906
0,471945614;-0,67090392;1,798527356;0,94982836;-0,336346989;-0,65020322;0;2520;-28,80371094
0,212947899;-0,67090392;0,274351631;0,94982836;-0,336346989;-0,65020322;0;2160;-26,56652832
-0,162111294;0,99446042;-1,249824095;-1,052821796;-0,336346989;1,537980694;0;2220;-28,30273438
0,705611139;-0,67090392;-0,487736232;0,94982836;0,964442471;-0,65020322;1;3600;-30,30517578
-1,530285779;-0,67090392;-0,487736232;0,94982836;-0,336346989;-0,65020322;0;2520;-29,79956055
-0,237907704;-0,67090392;0,274351631;-1,052821796;-0,336346989;1,537980694;0;1920;-27,42285156
1,726950916;2,65982476;1,798527356;-1,052821796;-0,336346989;-0,65020322;0;2760;-34,22265625
1,068444046;0,99446042;-0,487736232;0,94982836;1,614837202;1,537980694;0;3000;-34,42260742
-0,862917957;-0,67090392;0,274351631;-1,052821796;-0,336346989;-0,65020322;1;2280;-30,84765625
-0,083787307;0,16177825;-0,487736232;0,94982836;-0,336346989;-0,65020322;0;2580;-28,21020508
-0,531243121;-0,67090392;-1,249824095;-1,052821796;-0,336346989;1,537980694;1;3000;-28,88964844
-0,028947957;-0,67090392;-0,487736232;0,94982836;-0,336346989;1,537980694;0;2580;-28,13720703
0,636612138;-0,67090392;1,798527356;0,94982836;0,314047741;1,537980694;0;2100;-29,76904297
0,432205113;0,99446042;-0,487736232;0,94982836;0,964442471;-0,65020322;1;2400;-30,31713867
1,804955084;0,16177825;-1,249824095;-1,052821796;-0,336346989;-0,65020322;1;2580;-33,28515625
1,546364461;-0,67090392;1,798527356;0,94982836;0,314047741;-0,65020322;1;2160;-27,66601563
-1,162078135;-0,67090392;-0,487736232;0,94982836;-0,336346989;-0,65020322;1;3120;-32,88696289
-0,247222522;-0,67090392;-0,487736232;-1,052821796;-0,336346989;-0,65020322;1;2580;-39,5546875
1,220232479;-0,67090392;0,274351631;-1,052821796;-0,336346989;-0,65020322;1;1980;-30,0859375
-0,48977019;-0,67090392;-0,487736232;0,94982836;-0,336346989;1,537980694;1;2160;-27,86279297
-2,082732232;-0,67090392;0,274351631;0,94982836;-0,336346989;-0,65020322;0;360;-30,08935547
0,581150513;0,99446042;0,274351631;-1,052821796;-0,336346989;1,537980694;0;2460;-27,67871094
-0,236053279;-0,67090392;-0,487736232;0,94982836;-0,336346989;-0,65020322;1;1860;-28,65014648
-0,144799112;0,99446042;1,798527356;0,94982836;-0,336346989;-0,65020322;0;2640;-27,05883789
-1,378506262;-0,67090392;-0,487736232;0,94982836;-0,336346989;1,537980694;0;0;-29,04516602
-1,178927831;0,99446042;-0,487736232;0,94982836;0,964442471;1,537980694;1;2700;-31,97509766
-1,674447526;-0,67090392;0,274351631;-1,052821796;-0,336346989;1,537980694;1;2400;-28,3737793
0,511644079;-0,67090392;-0,487736232;0,94982836;-0,336346989;-0,65020322;0;2580;-29,42260742
1,402311301;-0,67090392;-1,249824095;0,94982836;-0,336346989;1,537980694;1;1680;-35,9230957
-1,435754665;-0,67090392;0,274351631;0,94982836;-0,336346989;-0,65020322;0;1620;-28,98364258
1,177819549;-0,67090392;-1,249824095;-1,052821796;-0,336346989;-0,65020322;1;2580;-35,36303711
1,608023553;0,16177825;1,798527356;-1,052821796;0,314047741;-0,65020322;0;2520;-30,0637207
-1,363350081;0,99446042;-0,487736232;-1,052821796;4,216416122;-0,65020322;1;2520;-31,3659668
0,438906791;0,99446042;-0,487736232;-1,052821796;0,964442471;1,537980694;1;2520;-27,12036133
0,084360046;-0,67090392;1,798527356;0,94982836;-0,336346989;-0,65020322;1;2580;-30,39599609
0,171263569;-0,67090392;0,274351631;-1,052821796;-0,336346989;-0,65020322;0;1860;-28,20727539
0,019625516;-0,67090392;0,274351631;0,94982836;-0,336346989;1,537980694;1;2580;-27,58642578
0,905962401;0,99446042;-0,487736232;-1,052821796;0,964442471;-0,65020322;0;2580;-30,12719727
-0,781456928;-0,67090392;-0,487736232;0,94982836;-0,336346989;-0,65020322;1;2520;-28,90307617
0,452275385;0,99446042;-1,249824095;0,94982836;-0,336346989;-0,65020322;0;2400;-31,7355957
0,383831679;-0,67090392;1,036439493;-1,052821796;-0,336346989;-0,65020322;0;2220;-28,31811523
-0,322722253;-0,67090392;1,798527356;0,94982836;-0,336346989;-0,65020322;1;2280;-26,40856934
0,274128153;-0,67090392;-0,487736232;-1,052821796;-0,336346989;-0,65020322;0;1980;-38,1965332
0,89097815;-0,67090392;0,274351631;-1,052821796;-0,336346989;-0,65020322;0;2580;-29,19750977
-0,612182519;-0,67090392;1,036439493;0,94982836;-0,336346989;-0,65020322;0;2580;-27,1574707
-0,998842696;1,82714259;1,798527356;-1,052821796;-0,336346989;1,537980694;0;2520;-27,58691406
-1,335489189;-0,67090392;1,798527356;0,94982836;-0,336346989;-0,65020322;0;2220;-36,95068359
-0,488140358;-0,67090392;1,798527356;-1,052821796;0,314047741;-0,65020322;0;2400;-31,65356445
-1,177490794;1,82714259;-0,487736232;0,94982836;-0,336346989;-0,65020322;0;2520;-28,88183594
1,10032136;0,99446042;0,274351631;0,94982836;0,314047741;1,537980694;1;1980;-31,71948242
-1,665830569;-0,67090392;-0,487736232;-1,052821796;-0,336346989;1,537980694;0;2580;-28,53515625
-0,284661564;0,99446042;-0,487736232;-1,052821796;4,216416122;-0,65020322;0;2160;-30,36572266
-0,363277074;-0,67090392;-0,487736232;0,94982836;-0,336346989;-0,65020322;0;2820;-28,70922852
1,804955084;0,16177825;-1,249824095;-1,052821796;-0,336346989;-0,65020322;1;2580;-33,28515625
-1,363350081;0,99446042;-0,487736232;-1,052821796;4,216416122;-0,65020322;1;2520;-35,57421875
1,695987034;0,99446042;-0,487736232;-1,052821796;-0,336346989;-0,65020322;1;2580;-31,91821289
1,128028724;-0,67090392;0,274351631;-1,052821796;-0,336346989;-0,65020322;1;2160;-29,83691406
0,482249009;-0,67090392;1,798527356;-1,052821796;-0,336346989;-0,65020322;0;2580;-30,26416016
-0,685798456;0,99446042;0,274351631;-1,052821796;-0,336346989;-0,65020322;0;1500;-34,06152344
-0,1703591;-0,67090392;1,798527356;-1,052821796;0,964442471;1,537980694;0;3000;-29,13647461
-0,586481613;-0,67090392;-0,487736232;0,94982836;-0,336346989;-0,65020322;0;2520;-28,81274414
0,562360575;-0,67090392;0,274351631;0,94982836;-0,336346989;-0,65020322;0;2520;-28,0534668
0,403537857;-0,67090392;-0,487736232;-1,052821796;2,265231932;-0,65020322;0;2520;-35,06958008
-0,992906092;2,65982476;-0,487736232;0,94982836;-0,336346989;-0,65020322;0;3360;-30,61889648
-0,451877395;-0,67090392;-1,249824095;-1,052821796;-0,336346989;1,537980694;1;3000;-28,89526367
-0,298516268;0,99446042;-0,487736232;-1,052821796;-0,336346989;-0,65020322;0;2580;-33,34741211
0,423698799;-0,67090392;-0,487736232;-1,052821796;-0,336346989;-0,65020322;0;3060;-29,75585938
2,596694474;0,99446042;0,274351631;-1,052821796;-0,336346989;-0,65020322;1;3420;-31,83349609
-0,052161146;2,65982476;-1,249824095;-1,052821796;0,314047741;-0,65020322;1;2160;-30,45458984
-1,333593345;0,99446042;-1,249824095;-1,052821796;0,314047741;-0,65020322;1;2880;-36,69287109
0,562360575;-0,67090392;0,274351631;0,94982836;-0,336346989;-0,65020322;0;2340;-28,0534668
0,51521547;-0,67090392;-0,487736232;0,94982836;-0,336346989;-0,65020322;1;2940;-28,30151367
-0,865581519;-0,67090392;-0,487736232;0,94982836;1,614837202;1,537980694;0;2400;-32,17382813
-0,252980089;-0,67090392;0,274351631;-1,052821796;-0,336346989;-0,65020322;0;2880;-39,53320313
0,163286015;0,99446042;-0,487736232;0,94982836;0,314047741;-0,65020322;1;2160;-30,06347656
0,050543433;-0,67090392;-0,487736232;0,94982836;-0,336346989;1,537980694;0;2100;-28,36254883
-1,294069574;-0,67090392;-0,487736232;0,94982836;0,314047741;-0,65020322;0;2580;-33,5715332
-0,990687322;-0,67090392;0,274351631;0,94982836;-0,336346989;1,537980694;0;3120;-28,06982422
1,377029811;-0,67090392;1,798527356;-1,052821796;4,216416122;-0,65020322;0;3000;-33,64135742
-0,030735124;0,99446042;-1,249824095;-1,052821796;-0,336346989;-0,65020322;0;2160;-28,64477539
-1,158679488;-0,67090392;-0,487736232;0,94982836;-0,336346989;-0,65020322;0;2280;-32,86865234
0,631437812;0,99446042;-0,487736232;-1,052821796;-0,336346989;1,537980694;0;2760;-28,58276367
1,695447124;2,65982476;-1,249824095;-1,052821796;-0,336346989;-0,65020322;0;2520;-31,52026367
1,608023553;0,16177825;1,798527356;-1,052821796;0,314047741;-0,65020322;0;2520;-32,41625977
-2,270823248;0,99446042;0,274351631;0,94982836;0,964442471;-0,65020322;1;2100;-29,83447266
1,283475049;0,99446042;-1,249824095;-1,052821796;-0,336346989;-0,65020322;1;2280;-31,47045898
-0,379015956;2,65982476;-1,249824095;-1,052821796;-0,336346989;-0,65020322;1;2520;-31,64697266
-0,542091748;-0,67090392;0,274351631;0,94982836;-0,336346989;-0,65020322;0;2220;-27,55981445
0,869322492;-0,67090392;-0,487736232;0,94982836;-0,336346989;1,537980694;0;1440;-31,06713867
0,452275385;0,99446042;-1,249824095;0,94982836;-0,336346989;-0,65020322;0;2400;-31,7355957
-0,958842331;-0,67090392;0,274351631;0,94982836;-0,336346989;-0,65020322;0;2160;-28,22387695
-0,374260985;-0,67090392;0,274351631;0,94982836;-0,336346989;1,537980694;0;2400;-27,57104492
-0,965820407;-0,67090392;-0,487736232;-1,052821796;-0,336346989;1,537980694;1;2220;-27,79223633
0,194965614;-0,67090392;-0,487736232;-1,052821796;-0,336346989;-0,65020322;1;480;-29,73999023