ln_income,mother_edu,caste_religion_group,elec,dist_school_km,poor,"A,t","Y,t","Y0,t","Y1,t",predicted_ite
0.057229601,-0.659869394,2.535003971,-1.026823126,2.363955083,-0.648284928,1,1800,,1800.0,-88.348877
0.340012544,-0.659869394,2.535003971,-1.026823126,-0.24092149,1.542531618,0,1800,1800.0,,-117.43945313
0.272648984,-0.659869394,2.535003971,-1.026823126,-0.24092149,1.542531618,0,1800,1800.0,,-102.232177734
0.272648984,-0.659869394,2.535003971,-1.026823126,-0.24092149,1.542531618,0,1800,1800.0,,-92.8085938
2.540036612,1.065197973,2.535003971,-1.026823126,-0.24092149,-0.648284928,1,1920,,1920.0,-106.6462402
0.017357732,1.065197973,2.535003971,-1.026823126,-0.24092149,-0.648284928,0,1980,1980.0,,-72.8222656
1.035492887,-0.659869394,2.535003971,-1.026823126,-0.24092149,-0.648284928,0,1980,1980.0,,-54.6706543
0.648404823,-0.659869394,0.229278258,-1.026823126,-0.24092149,1.542531618,0,1980,1980.0,,-59.24072266
1.035492887,-0.659869394,2.535003971,-1.026823126,-0.24092149,-0.648284928,0,1980,1980.0,,-142.5974121
-1.700837114,-0.659869394,2.535003971,-1.026823126,-0.24092149,-0.648284928,0,2160,2160.0,,-64.505127
-0.112458841,-0.659869394,-0.539296979,-1.026823126,-0.24092149,-0.648284928,0,2160,2160.0,,-128.0371094
1.060582683,-0.659869394,2.535003971,0.973877559,0.627370701,-0.648284928,0,2160,2160.0,,-74.95947266
0.813611004,1.065197973,2.535003971,-1.026823126,-0.24092149,-0.648284928,0,2160,2160.0,,-101.8630371
0.184876951,0.20266429,1.766428733,-1.026823126,-0.24092149,-0.648284928,0,2160,2160.0,,-130.6469727
1.409635928,-0.659869394,2.535003971,-1.026823126,2.363955083,-0.648284928,0,2160,2160.0,,-146.3173828
0.758575198,-0.659869394,2.535003971,-1.026823126,12.34931528,-0.648284928,0,2220,2220.0,,-159.4682617
0.51669448,-0.659869394,1.766428733,-1.026823126,-0.24092149,-0.648284928,0,2220,2220.0,,-90.3012695
0.435570471,1.065197973,0.229278258,-1.026823126,-0.24092149,-0.648284928,0,2220,2220.0,,-67.61865234
0.662065089,-0.659869394,2.535003971,-1.026823126,-0.24092149,-0.648284928,0,2220,2220.0,,-80.220703125
0.662065089,-0.659869394,2.535003971,-1.026823126,-0.24092149,-0.648284928,0,2220,2220.0,,-220.220703125
0.306833544,-0.659869394,2.535003971,-1.026823126,-0.24092149,-0.648284928,0,2220,2220.0,,-122.69262695
2.025459275,1.065197973,-1.307872216,-1.026823126,-0.24092149,-0.648284928,1,2220,,2220.0,-126.65161133
0.60917459,-0.659869394,2.535003971,-1.026823126,-0.24092149,-0.648284928,0,2220,2220.0,,-140.19628906
0.403578959,-0.659869394,1.766428733,-1.026823126,-0.24092149,-0.648284928,0,2220,2220.0,,-129.6992188
2.960821896,-0.659869394,-1.307872216,-1.026823126,0.627370701,-0.648284928,0,2220,2220.0,,-114.8803711
0.971731034,-0.659869394,2.535003971,-1.026823126,-0.24092149,-0.648284928,0,2280,2280.0,,-41.45458984
-0.010958039,1.065197973,2.535003971,-1.026823126,-0.24092149,-0.648284928,0,2340,2340.0,,-83.2631836
-0.010958039,1.065197973,2.535003971,-1.026823126,-0.24092149,-0.648284928,0,2340,2340.0,,-74.6262207
1.458593455,1.065197973,0.229278258,-1.026823126,-0.24092149,-0.648284928,0,2340,2340.0,,-97.92285156
0.625221228,-0.659869394,-0.539296979,-1.026823126,0.193224605,-0.648284928,1,2340,,2340.0,-128.05932617
0.982881161,1.065197973,0.229278258,-1.026823126,-0.24092149,-0.648284928,0,2340,2340.0,,-77.81958008
0.506867348,0.20266429,2.535003971,-1.026823126,-0.24092149,-0.648284928,0,2340,2340.0,,-85.90112305
0.663293188,-0.659869394,0.229278258,-1.026823126,0.627370701,-0.648284928,0,2340,2340.0,,-111.5151367
0.862388355,1.065197973,-1.307872216,-1.026823126,-0.24092149,-0.648284928,0,2340,2340.0,,-139.2226563
0.353015628,-0.659869394,0.229278258,-1.026823126,-0.24092149,-0.648284928,1,2400,,2400.0,-46.57006836
1.854908559,-0.659869394,2.535003971,-1.026823126,-0.24092149,1.542531618,0,2400,2400.0,,-80.233398438
3.78755559,2.79026534,-0.539296979,-1.026823126,-0.24092149,-0.648284928,1,2520,,2520.0,-47.1242676
3.78755559,2.79026534,-0.539296979,-1.026823126,-0.24092149,-0.648284928,1,2520,,2520.0,-47.1242676
0.910130264,-0.659869394,-1.307872216,-1.026823126,-0.24092149,-0.648284928,0,2520,2520.0,,-64.7365723
0.476861594,1.065197973,0.229278258,-1.026823126,-0.24092149,-0.648284928,0,2520,2520.0,,-73.77294922
-0.361420016,-0.659869394,2.535003971,-1.026823126,-0.24092149,-0.648284928,0,2520,2520.0,,-41.09204102
-0.361420016,-0.659869394,2.535003971,-1.026823126,-0.24092149,-0.648284928,0,2520,2520.0,,-141.09204102
0.323545029,-0.659869394,2.535003971,-1.026823126,-0.24092149,1.542531618,0,2520,2520.0,,-142.63037109
0.474687471,1.065197973,-0.539296979,-1.026823126,-0.24092149,-0.648284928,0,2520,2520.0,,-280.989501953
0.687578499,1.065197973,2.535003971,-1.026823126,-0.24092149,-0.648284928,0,2520,2520.0,,-131.24902344
0.687578499,1.065197973,2.535003971,-1.026823126,-0.24092149,-0.648284928,0,2520,2520.0,,-11.24902344
1.133679604,1.065197973,-1.307872216,-1.026823126,0.627370701,-0.648284928,0,2520,2520.0,,-73.97119141
0.982881161,1.065197973,0.229278258,-1.026823126,-0.24092149,-0.648284928,0,2520,2520.0,,-77.81958008
1.94753976,1.065197973,0.229278258,-1.026823126,-0.24092149,-0.648284928,0,2520,2520.0,,-104.4760742
0.663293188,-0.659869394,0.229278258,-1.026823126,0.627370701,-0.648284928,0,2520,2520.0,,-111.5151367
2.12381449,-0.659869394,-1.307872216,-1.026823126,0.193224605,-0.648284928,1,2520,,2520.0,-105.5126953
0.007851603,-0.659869394,0.229278258,-1.026823126,0.627370701,-0.648284928,0,2520,2520.0,,-144.876709
0.071838505,1.065197973,-1.307872216,-1.026823126,-0.24092149,-0.648284928,0,2520,2520.0,,-58.4448242
1.841254196,1.927731656,2.535003971,-1.026823126,1.495662892,-0.648284928,1,2520,,2520.0,-77.7922363
0.323545029,-0.659869394,2.535003971,-1.026823126,-0.24092149,1.542531618,0,2520,2520.0,,-84.0693359
-0.21140664,1.065197973,0.229278258,-1.026823126,0.627370701,-0.648284928,0,2520,2520.0,,-90.1044922
2.143052291,1.927731656,2.535003971,-1.026823126,1.495662892,-0.648284928,1,2520,,2520.0,-90.5449219
0.237396001,-0.659869394,2.535003971,-1.026823126,-0.24092149,1.542531618,0,2520,2520.0,,-98.8618164
1.881064202,0.20266429,2.535003971,-1.026823126,1.495662892,-0.648284928,1,2520,,2520.0,-56.3154297
1.881064202,0.20266429,2.535003971,-1.026823126,1.495662892,-0.648284928,1,2520,,2520.0,-66.3154297
-2.044779505,1.065197973,-0.539296979,-1.026823126,0.193224605,-0.648284928,1,2580,,2580.0,-66.3132324
3.194487673,1.927731656,2.535003971,-1.026823126,2.798101179,-0.648284928,0,2580,2580.0,,-93.0241699
3.194487673,1.927731656,2.535003971,-1.026823126,2.798101179,-0.648284928,0,2580,2580.0,,-99.0241699
0.914264702,1.065197973,-0.539296979,-1.026823126,0.193224605,-0.648284928,1,2580,,2580.0,-135.0119629
0.596288107,1.065197973,2.535003971,-1.026823126,-0.24092149,-0.648284928,1,2580,,2580.0,-103.2792969
2.586386818,1.065197973,-1.307872216,-1.026823126,-0.24092149,-0.648284928,0,2580,2580.0,,-95.87133789
2.586386818,1.065197973,-1.307872216,-1.026823126,-0.24092149,-0.648284928,0,2580,2580.0,,-69.06494141
0.335918148,1.065197973,1.766428733,-1.026823126,-0.24092149,-0.648284928,0,2580,2580.0,,-52.28344727
1.343781062,2.79026534,-1.307872216,-1.026823126,-0.24092149,-0.648284928,0,2580,2580.0,,-131.20996094
1.028188946,1.065197973,2.535003971,-1.026823126,-0.24092149,-0.648284928,0,2580,2580.0,,-155.33520508
1.166209204,-0.659869394,0.229278258,-1.026823126,-0.24092149,-0.648284928,0,2580,2580.0,,-161.74536133
-0.005393158,-0.659869394,2.535003971,-1.026823126,-0.24092149,-0.648284928,0,2580,2580.0,,-239.523681641
0.794652399,-0.659869394,2.535003971,-1.026823126,-0.24092149,-0.648284928,0,2580,2580.0,,-100.643554688
0.717861256,-0.659869394,2.535003971,-1.026823126,-0.24092149,-0.648284928,0,2580,2580.0,,-124.72241211
0.717861256,-0.659869394,2.535003971,-1.026823126,-0.24092149,-0.648284928,0,2580,2580.0,,-124.72241211
0.500220763,-0.659869394,0.229278258,-1.026823126,-0.24092149,-0.648284928,0,2580,2580.0,,-128.6518555
1.56968276,-0.659869394,2.535003971,-1.026823126,-0.24092149,-0.648284928,0,2580,2580.0,,-106.7954102
3.073416801,1.065197973,2.535003971,-1.026823126,-0.24092149,-0.648284928,0,2580,2580.0,,-108.4313965
0.334276219,1.927731656,-1.307872216,-1.026823126,-0.24092149,1.542531618,0,2580,2580.0,,-138.3959961
1.56968276,-0.659869394,2.535003971,-1.026823126,-0.24092149,-0.648284928,0,2580,2580.0,,-79.4111328
1.107907015,1.927731656,2.535003971,-1.026823126,5.837123848,-0.648284928,0,2580,2580.0,,-14.760498
0.533068844,1.065197973,2.535003971,-1.026823126,-0.24092149,-0.648284928,1,2640,,2640.0,-46.12963867
3.651100987,2.79026534,2.535003971,-1.026823126,12.34931528,-0.648284928,1,2880,,2880.0,-82.0981445
3.651100987,2.79026534,2.535003971,-1.026823126,14.52004576,-0.648284928,1,2880,,2880.0,-101.7583008
2.411236725,2.79026534,-1.307872216,-1.026823126,0.627370701,-0.648284928,1,2880,,2880.0,-76.0898438
0.237396001,-0.659869394,2.535003971,-1.026823126,-0.24092149,1.542531618,0,2880,2880.0,,-102.52636719
1.696635736,-0.659869394,-1.307872216,-1.026823126,3.66639337,-0.648284928,1,2880,,2880.0,-103.9411621
0.856405293,1.065197973,-1.307872216,-1.026823126,2.798101179,-0.648284928,1,2880,,2880.0,-92.0854492
1.678317754,1.927731656,-1.307872216,-1.026823126,2.363955083,-0.648284928,0,2880,2880.0,,-94.6799316
1.700190476,1.927731656,-1.307872216,-1.026823126,0.627370701,-0.648284928,1,3000,,3000.0,-44.99121094
0.248088057,2.79026534,2.535003971,-1.026823126,-0.24092149,-0.648284928,0,3000,3000.0,,-103.8359375
0.222980428,-0.659869394,2.535003971,-1.026823126,-0.24092149,1.542531618,0,3000,3000.0,,-106.73608398
0.310195706,-0.659869394,2.535003971,-1.026823126,-0.24092149,-0.648284928,1,3000,,3000.0,-122.18017578
0.63972755,1.065197973,2.535003971,-1.026823126,-0.24092149,-0.648284928,0,3000,3000.0,,-132.38989258
1.62805066,-0.659869394,2.535003971,-1.026823126,2.798101179,-0.648284928,1,3000,,3000.0,-41.1418457
2.234394204,1.927731656,2.535003971,-1.026823126,1.495662892,-0.648284928,0,3000,3000.0,,-72.92333984
1.502601742,1.065197973,-1.307872216,-1.026823126,1.061516797,-0.648284928,1,3000,,3000.0,-114.8171387
2.226593111,-0.659869394,2.535003971,-1.026823126,-0.24092149,-0.648284928,1,3000,,3000.0,-88.2470703
1.502601742,1.065197973,-1.307872216,-1.026823126,1.061516797,-0.648284928,1,3000,,3000.0,-90.359375
1.563897345,1.065197973,2.535003971,-1.026823126,-0.24092149,-0.648284928,1,3360,,3360.0,-100.0778809
