source_n,target_n,assignment,slice,level,pehe_tl,pehe_tl,npehe_tl,npehe_tl,bias_tl,bias_tl,pehe_target,pehe_target,npehe_target,npehe_target,bias_target,bias_target,pehe_source,pehe_source,npehe_source,npehe_source,bias_source,bias_source,cita,cita,true_ite_sd,true_ite_sd
,,,,,mean,sem,mean,sem,mean,sem,mean,sem,mean,sem,mean,sem,mean,sem,mean,sem,mean,sem,mean,sem,mean,sem
1000,50,biased,covshift,0.0,0.7944122713839635,0.02357187357082874,0.3555368029116468,0.011141650445282921,0.20246167756619982,0.02415433416176154,5.631456691319354,0.3103947145640631,2.503827790011513,0.1350994985663532,1.044422138705879,0.09226370409794553,0.7105057860235303,0.023681385056646638,0.3165975113978595,0.010532486546692543,0.002776516452460745,0.012565192843486627,0.2518326461671743,0.004676155319511601,1.5126514567815186,0.020691555481746764
1000,50,biased,covshift,0.25,1.0012670933068926,0.03559706511927877,0.2705515193236365,0.008293848753708179,0.21550630337547846,0.025270602082482736,7.981215319678304,0.5944088890566414,2.199026300818978,0.17265265659215054,0.7397999443764647,0.15527525239321735,1.0608846372612721,0.04643826481151018,0.2754674569481688,0.007503060526857007,-0.16075331562209536,0.0133678026046215,0.32081523089893593,0.006174760692189964,1.940030868530225,0.03354231215045988
1000,50,biased,covshift,0.5,1.3484512093238323,0.0684332520220047,0.23120187976622936,0.00655353319656173,0.24858562566482575,0.02713091196720017,14.443237237557774,1.6459233411038992,2.5789798675638362,0.26955264581398986,0.29838339511447687,0.25405358664367295,1.98397333476413,0.12009935768141022,0.32316707246235893,0.00799972605974871,-0.49439533375061,0.019620105907064346,0.41455521594083644,0.006240006837968058,2.3916690998297954,0.04146952055432868
1000,50,biased,covshift,0.75,1.7598536907377567,0.07075251928235769,0.19618409418118296,0.004136152833640516,0.16953230461656343,0.023463102669136805,25.60948167970964,3.6813178402471545,2.7836898691402046,0.3590568652529206,-0.26950010219038245,0.36225920788059185,4.301148646317585,0.18926552913432446,0.4677888579837787,0.008930467950207457,-1.0587310902160474,0.026838259479361498,0.500184160105334,0.004227955876433499,2.960288379255051,0.04189377136288483
1000,50,biased,covshift,1.0,2.886267244777555,0.1319766768096487,0.22448837397939048,0.0059594280881849915,-0.11919304358668333,0.028130439279057513,51.06609780255611,6.627099961074163,4.108504958496528,0.5057269574886806,-0.6144147554308885,0.5564688912002868,8.411849091744722,0.29599861306638636,0.6626070674330822,0.009151111690985318,-1.700291731235457,0.032191831637017,0.5476776107258187,0.0032165173799908,3.498619828530965,0.04830415910731729
1000,50,biased,effect,0.0,0.8517182900906818,0.028933079365636098,0.3531775057771654,0.013275892604017509,0.21331430724046313,0.024697604222506154,5.434726827503588,0.27179335210133665,2.2422187872022654,0.10423595933675397,1.0013241388478051,0.09037387793742378,0.7531767742938377,0.02511358415434245,0.313416812864607,0.01161627147845015,0.003882209567046917,0.011730769469790705,0.26234183808869416,0.004898056289499399,1.5703027657775983,0.018830172866602275
1000,50,biased,effect,0.25,0.8791704143547818,0.027529220951961843,0.3599666019727845,0.010338271389845777,0.20010870627312588,0.023149225817666205,5.805858492480609,0.2671610222490662,2.369043697263487,0.10420539500626946,1.0113739665523043,0.09121992963026987,0.8030123664614738,0.025603598446343183,0.3298416305577381,0.010251498220160343,-0.011204494915915306,0.012831264188219175,0.2609353124065174,0.0041398684218521,1.5736543556870959,0.020200067274881172
1000,50,biased,effect,0.5,1.142181475660201,0.034197115286776984,0.41471323508275193,0.012417681942129723,0.1977889117625294,0.026922845774547212,6.484424046052989,0.3097034409061918,2.3665960007000835,0.12208000559110113,1.040791849571162,0.10465635297141247,1.1026669519305572,0.033634964343776066,0.4003503205866408,0.012062295038426835,0.023375760021501595,0.01465948570161216,0.26094794086673656,0.0051717909347595,1.6748132457589626,0.022214552526520093
1000,50,biased,effect,0.75,1.495178760224317,0.04325065298970801,0.4826245817180688,0.017426894597396086,0.24372285194715665,0.02450080912415636,6.323438167776056,0.3223014849186374,2.0151840487866446,0.11404987776794287,1.0221957214178727,0.09553517496738896,1.499063750548823,0.04506002765577845,0.48460063484010063,0.018341370184955706,0.016544423178045043,0.018729535682746754,0.2588526898451941,0.004787232013285408,1.7931771292291432,0.02469500296525904
1000,50,biased,effect,1.0,1.7688108406767924,0.04509402290290422,0.5048583641987334,0.015028882164796881,0.2083258099428911,0.02717417764490105,6.94214592879913,0.3681698315946895,1.917561905312329,0.08798583650262551,1.0198750661307547,0.10797494875297028,1.8201013266276056,0.04145135156848714,0.517683898092655,0.013736407602147274,-0.029503159416506847,0.01736146915504319,0.2631043309496662,0.004550686205220726,1.8996005636420978,0.026119294991861507
1000,50,biased,prognostic,0.0,0.7752569064827106,0.023509874551296377,0.33826053353581437,0.011293248973070822,0.19594627899566458,0.023050589355536104,5.502222667871009,0.2756105733115491,2.4413036414422002,0.1392500631209534,0.9983925399135969,0.08945791558021285,0.6957794376622967,0.022340563162940055,0.30301111362426425,0.010229414321688208,0.031887313551099805,0.010356553560352394,0.257672104461679,0.005006056288583567,1.532362618538126,0.019814510264758677
1000,50,biased,prognostic,0.25,0.8105169682053546,0.02334761595357659,0.35417796390220907,0.012129266467129824,0.22091369524013896,0.02470628349944121,5.851674514654044,0.2938753109235991,2.5047711827906776,0.12064145019549286,1.0069894489215003,0.09514694258409602,0.7275330692413567,0.021191698439896912,0.31775365197136723,0.010740540032894142,0.04335964097988499,0.010078605374705656,0.2503376911284655,0.00418334755940128,1.5371127973430014,0.01959273438191384
1000,50,biased,prognostic,0.5,0.83760384618312,0.02767981514179192,0.3466022019745432,0.01216765750882764,0.25737491151925407,0.023519123119487388,5.755027092956603,0.2962942247847719,2.327116174755355,0.11330630522221308,1.0550389417507897,0.09507728456963142,0.7461059091223526,0.026431679543345066,0.3087999746008247,0.011240381428142068,0.009177257033551519,0.011398573053937749,0.25791675174441925,0.004368374453369076,1.5738453011656495,0.022400893478782692
1000,50,biased,prognostic,0.75,0.8734749924389716,0.028910283684631017,0.37065769758165096,0.01364993336598051,0.2960300034712424,0.023542351879163457,6.596731632107419,0.3222034911189364,2.776950534960385,0.14367621500656252,1.0119231974016294,0.11425158044126633,0.7407988511389055,0.02654366576442242,0.3154901921579234,0.012384625493737329,0.013717287225591155,0.01160497967473912,0.2639442504162649,0.005537041338716844,1.5557810073080214,0.020261825066742064
1000,50,biased,prognostic,1.0,0.9872320603881658,0.03488989489999419,0.40891628454010065,0.01699614199793891,0.3641806040820388,0.02900193987669699,6.848101059046167,0.30656024280329425,2.812292129772155,0.14012199895228916,1.0389978472259553,0.11804870232799136,0.7789367310076307,0.027472821387714248,0.3187263597135842,0.011739202730186556,0.031163201194694658,0.012479902037582,0.2560188460706976,0.0038409553879155114,1.578798673111543,0.018264642243485913
1000,50,randomized,covshift,0.0,0.737206983615195,0.023643975270456814,0.3130203277562511,0.009142394153435304,-0.005274618985620405,0.02678831964339364,4.207195945009036,0.28360471999770986,1.8239927895213313,0.13114928904615905,-0.049893121789698555,0.08379584224438738,0.6987855147515478,0.021287105464063812,0.2995206256589006,0.00943852245980695,0.03521620499852574,0.01129519634584927,0.24793698040087186,0.004391163553213654,1.5413394389561026,0.02019316850110108
1000,50,randomized,covshift,0.25,0.9051525687719233,0.028287408267575774,0.25875828177478266,0.007589584154622954,0.018865443443077935,0.02662191991191363,8.193319675298465,0.897817203811621,2.415233578718268,0.29896130838766977,-0.5900121124338924,0.15731335171718347,0.9314657170392262,0.03390191640462883,0.2586164212120661,0.006129570153331572,-0.15150803926108475,0.014278085297987589,0.3017510393189685,0.006179280323887504,1.8848613237918834,0.02879782924083239
1000,50,randomized,covshift,0.5,1.4377515848366347,0.055240767005528456,0.24025241261346383,0.007287265892184164,-0.022040999389971224,0.03311493522806945,15.972874992555251,2.210255429743963,2.549763805039006,0.3197923772414832,-0.8439441590083488,0.25056327742672707,2.0135594304199826,0.07700776475402225,0.32935386974254266,0.00703210313544708,-0.5207168512118707,0.017166847003465865,0.3871009145534455,0.005839072175510996,2.431459598837528,0.030912091818304538
1000,50,randomized,covshift,0.75,2.077363836508475,0.11421762654293185,0.2341463926027183,0.006739189913526261,-0.11658323621279497,0.02879145557486764,26.549585613079195,3.9494040045261536,3.309707198217689,0.46831467105532615,-0.7936536205363919,0.36438888560911853,4.103125005681689,0.1727857255733603,0.4650965610239336,0.00861533762924346,-0.9980931005430864,0.025685242967814954,0.4671314761822356,0.005723114401753977,2.8949431622676327,0.043553047263888964
1000,50,randomized,covshift,1.0,3.9684414527078156,0.28846347507943676,0.2948204910037521,0.01296886960047799,-0.5582043692273188,0.0475669797823115,48.78872560957705,6.666681216586133,4.066881003293723,0.5327929104276781,-1.5247324700177753,0.5214978190866331,8.401678108510094,0.33023298666907636,0.6548370559340667,0.00986987344352506,-1.7166972777051024,0.03189751324616387,0.5109891394526404,0.004270498170841231,3.5105673292385706,0.05128922131728623
1000,50,randomized,effect,0.0,0.7266891722042742,0.022265931474874913,0.3170838717429016,0.009680463591090491,-0.011048411923069839,0.023325041515247284,4.759098183313657,0.36093604328097517,2.1009370576594124,0.1829945268766642,-0.17985643954070332,0.09200369266075564,0.7303997472291023,0.023287168507199665,0.32096808783487857,0.01107132868852467,0.010415350598673939,0.010434512183921156,0.24804481606306641,0.004269635883811777,1.5272879306005447,0.02007835832211672
1000,50,randomized,effect,0.25,0.8354518314168123,0.026198269865182033,0.3407803383118832,0.010916434536716138,0.05847465331803935,0.023079235273435233,4.783577999847295,0.3381501506134238,2.167164895004604,0.22639535356688412,-0.17890973609734398,0.09036752701632676,0.8054726840407893,0.024700803786256904,0.328273214943639,0.009377681353288031,0.01853212769281048,0.011535123281571977,0.2458611796230815,0.004453415147883919,1.5818237229279402,0.02217523159177757
1000,50,randomized,effect,0.5,1.0011451364444395,0.026767051739929593,0.3610918195893265,0.011933625249808752,-0.001928836759339836,0.02331158001760377,5.143241941304162,0.3378886018551047,1.8387827143115307,0.11852987663555521,-0.17974498765093444,0.096210261786799,1.0074856672035726,0.02577383694176169,0.36221815199916335,0.011583042615434937,-0.00037774151207115914,0.013931922658271348,0.24751926477652145,0.004367673220783965,1.694538845323189,0.023397020810729176
1000,50,randomized,effect,0.75,1.2992337371707976,0.04032847893273705,0.4452043191191206,0.013876783043171328,-0.037788115725193305,0.025640486247148115,4.947826363731836,0.32102536246704416,1.673962121953248,0.10405311062992048,-0.21497771038142224,0.09628203229915985,1.3404913317483391,0.03388827012191218,0.4640660397992735,0.014854710645760527,0.024751015320148187,0.015851727290034874,0.23893005704994863,0.0035921465635904287,1.7295582373661516,0.02226479563867747
1000,50,randomized,effect,1.0,1.7150252840317637,0.040595914549585,0.4840153944192532,0.013903669475273828,-0.0265114469717901,0.024830670760124428,5.5447679979013,0.3895421634464411,1.4912505939731204,0.09539291145894743,-0.1701438867378692,0.10557216419684805,1.905867633991906,0.04168919563898001,0.5345315359286767,0.013546324295767354,0.04910335586558176,0.020640326005747497,0.2519548031177586,0.004461111685137429,1.909955806928441,0.023526574931715442
1000,50,randomized,prognostic,0.0,0.7141857298141829,0.02274162914719953,0.32914335449315935,0.011062840526870338,0.027099079942301464,0.022886869908194295,4.667016764731627,0.307406122009677,2.134415886716491,0.14145072655766744,-0.13348462987135296,0.09535404121535945,0.6853679717417142,0.020574373338769172,0.3168329474957736,0.010230455774777741,0.002225465631083201,0.011125878019261808,0.24362058245490403,0.003926258545867083,1.4889579804594895,0.0193350399928545
1000,50,randomized,prognostic,0.25,0.7944515738261131,0.02457466421269135,0.3420135347556961,0.014009292393596412,-0.00012054655357059074,0.02964759942401301,5.3413004581879076,0.3671528928879767,2.2530896987605393,0.15091067744883846,-0.15025437200098093,0.10258696538217842,0.7444837705959596,0.02398811342423105,0.31917717908228377,0.01327079626447745,0.026101626421969573,0.01332441216000716,0.24156651638542231,0.003706649639758418,1.5555995972907213,0.019977250961418273
1000,50,randomized,prognostic,0.5,0.794528019723409,0.026067861814497238,0.3364283081406489,0.010525627594063596,-0.019940776913999002,0.024651114017924233,5.116293258417176,0.38286005903726805,2.1753676410464355,0.16584393283517967,-0.25550096928664895,0.0944528564906098,0.7461060121813812,0.024931101769303278,0.31756906976932436,0.011125569956272004,-0.0021547217067465012,0.011758123547629486,0.2433123770924065,0.0043461301844770405,1.5488261064305096,0.020472000690826123
1000,50,randomized,prognostic,0.75,0.7800900246498881,0.02793448162237077,0.3162211757890358,0.010389743444327046,0.026558113280592897,0.02720671641282734,5.727036702501452,0.4001564419608147,2.272977887411837,0.14129462371591262,-0.10011498179668335,0.11461344952226829,0.7322799066153735,0.026234968402659868,0.2979278549470897,0.010240727949454052,0.006322391215620966,0.011004999023536934,0.24923255071112738,0.003525724010617206,1.5845088921840884,0.022698815083433153
1000,50,randomized,prognostic,1.0,0.8451519259241213,0.04229513185734317,0.36964523056410736,0.016075215520271312,-0.037939054123957705,0.026678689859722077,5.337300826496961,0.3954463836435796,2.37729417910561,0.1696323141369927,-0.10826217943419986,0.09949690268304781,0.7522635596384097,0.03927136134825066,0.3269602942322352,0.01385925830580321,0.010304279573361328,0.011311765397308915,0.25441934693329604,0.004836138712545353,1.530061963358791,0.022915424848522117
1000,100,biased,covshift,0.0,0.8066199366461129,0.01981142774475118,0.347108287493659,0.008980745303923723,0.23077700486217512,0.019615583401505408,3.5535662902527325,0.19884493216203464,1.4960718560883945,0.07432013301007892,0.9998697148803329,0.05495177290939528,0.7265438674028661,0.017918508826741866,0.31169272974808926,0.007734781811580267,0.011043327951774708,0.008085659202171578,0.23230121241190566,0.004485566037785603,1.5350588584643312,0.015929305345486186
1000,100,biased,covshift,0.25,0.9151947557929647,0.023618148953894826,0.2376909410267819,0.00503236288659246,0.23356806180408532,0.019715983191169247,3.2944353654529244,0.29182504500940526,0.878971509654798,0.07811071436668712,0.7990446009390648,0.06521126593201704,0.9572145117662412,0.02668607330193748,0.2461190714153163,0.004586101245739039,-0.15510737040111477,0.010634113732164696,0.3010471985392198,0.005774371006581593,1.9631153139386093,0.02052612403158806
1000,100,biased,covshift,0.5,1.3043866514078186,0.03413625667956417,0.22832991818845508,0.005838474903440768,0.3747848841693296,0.02328660858623486,4.7353067339797255,0.6875297421276316,0.8907251946398091,0.13831718524848752,0.5058866767358079,0.11150115531341362,1.899658929071053,0.05732907010072067,0.32427254505081776,0.005184309952167189,-0.4963339641544923,0.012248632971780044,0.42269073865813434,0.005096436463247615,2.397469365384873,0.02564531663036156
1000,100,biased,covshift,0.75,1.782806554163474,0.03925538754308498,0.20289792476757018,0.0032472198514864104,0.5481126122870215,0.020617616241815163,4.938396798480176,1.0351419759468765,0.5681767778897359,0.11476966100914347,0.5522021918692359,0.11172003383849756,4.1855034019204735,0.11915722179621549,0.4661007189061743,0.005165452871640236,-1.0226167411408664,0.017675277819719035,0.501902217800761,0.0030256473272630164,2.9647348391962356,0.031552723304432574
1000,100,biased,covshift,1.0,2.369357947444279,0.06973064311542622,0.1895609544366189,0.003322080294525679,0.5940014561728999,0.029936654451730504,7.330023010334907,1.5653855626849427,0.6285641578206479,0.13945445741954607,0.5614865049438045,0.14554255806764513,8.175021768789334,0.2195791645605111,0.6511418995812498,0.007034149762252498,-1.6984249869270758,0.024536709756982644,0.5424323684151491,0.002911929080987403,3.5120542293504204,0.03591800761556553
1000,100,biased,effect,0.0,0.8474231575003432,0.024489877036745662,0.34866972238754895,0.010320084079068259,0.2769302731934743,0.01986042605675341,3.331731220541197,0.16908185255282143,1.3790103677172822,0.06935526367588374,1.0008177095833974,0.04826036737552376,0.7511877351549527,0.019723920296516456,0.3078151562223578,0.0073720290625582195,0.019811292308922254,0.00796112527746418,0.23015961302789134,0.004336019411329712,1.5703612495924253,0.017912520160770107
1000,100,biased,effect,0.25,0.9048706722816939,0.021798395610282614,0.3627586065754062,0.010276123663384538,0.23053208620865967,0.021318170561208043,3.222156978722213,0.16618551415533456,1.270804572873214,0.06224324355756818,0.9318859294207872,0.04662794161668163,0.8280972331340933,0.015656708496318793,0.33164172999402497,0.007501828262505629,0.015462370231944564,0.00930206836284491,0.2277195471536649,0.00379281727998251,1.5941831659722618,0.01619804124279383
1000,100,biased,effect,0.5,1.1470278379020757,0.023999632634006195,0.40614249037495675,0.010270315222827101,0.2385203379367683,0.021130268880752194,3.703759275057192,0.20751477342088487,1.2980022657865544,0.0730688963387824,1.0084095859502649,0.05416985640162821,1.0884861157562173,0.020668934642907852,0.3859346830214496,0.009364053184440467,0.01541937827814561,0.010370035675040168,0.2207392838839793,0.0037883955877318818,1.6941489854613345,0.014730975746308583
1000,100,biased,effect,0.75,1.4128063394413237,0.027344771878501657,0.44158843662736125,0.010373119145228319,0.2504645846458758,0.021448191303616394,3.8056929113077214,0.2070375926688642,1.170574093179924,0.061299376184329256,1.0171489880653706,0.056269621455258614,1.398185340953499,0.02431647395545071,0.43752224811224344,0.009936379872750815,0.017823840198167715,0.012012096949026082,0.22752314895089715,0.004085427076357422,1.8038537657821325,0.01753704965380297
1000,100,biased,effect,1.0,1.7966338263789101,0.04120782341497913,0.4667119505608479,0.011144450518865914,0.2791747832232842,0.019025866736734655,4.335320023214409,0.22943047356896815,1.1152320992360363,0.05708958766858885,1.0728444099360832,0.054504885312664175,1.8622103256994094,0.03661260563877858,0.48368665303056607,0.0102815551631413,0.002149659388674339,0.013501713274528709,0.22790504818338303,0.0038472262110389025,1.974862285475858,0.01825108721255158
1000,100,biased,prognostic,0.0,0.8143698252081029,0.0218307320172437,0.33956317224737753,0.009500267432926628,0.2510357919730509,0.021324038647717175,3.452237078459827,0.17857488020229467,1.4377552546449877,0.07531815509119517,1.031543761829313,0.04804439349304043,0.7165094962461812,0.016889614247365375,0.29911169659162534,0.007348625613577348,0.004093982318815137,0.007828209530002087,0.22136054739711156,0.003840005011110775,1.5574402951657484,0.016512372290532706
1000,100,biased,prognostic,0.25,0.8403037770011533,0.022220067582159376,0.3429900884162925,0.00908102838973653,0.26369449494640546,0.02012162087603667,3.684637976456186,0.24713822768555693,1.4830258894490433,0.0936063389976126,1.0568236386613103,0.06826387840107005,0.7468757723749685,0.019120477486735,0.30376614610696795,0.007232918077734235,0.015337389691278437,0.008843939879666213,0.22271612270242758,0.004729672412572365,1.5744229707645494,0.016585755609305284
1000,100,biased,prognostic,0.5,0.8850343949516848,0.022957708569759653,0.37077389257940013,0.010185567364600263,0.3438491981998093,0.020783334847148296,3.336439642151705,0.15238604222728608,1.4158942804836425,0.07704016733318433,0.956517991401256,0.046278660652241434,0.7421078447139768,0.017450669033852662,0.31151503204318426,0.008205706684317676,0.02583786664158178,0.008612165999711721,0.2212697689859779,0.0035131268174684433,1.5559915393711885,0.017040846391351998
1000,100,biased,prognostic,0.75,0.9122451296511059,0.026628699053047784,0.3829086117758544,0.01140432143371893,0.3858751671670766,0.02254786327445904,4.030880587299141,0.2269667034081567,1.702484104920374,0.09602133297121726,1.092459488427528,0.06349627956771328,0.7119385502409483,0.01690927144177621,0.2994108011355737,0.007406159593904814,0.0053382020353167905,0.00959817138467028,0.22519782407852543,0.0034461669131017336,1.54960431249673,0.014366938497477916
1000,100,biased,prognostic,1.0,0.9284966935833308,0.022220132371081617,0.4030339328419236,0.010859044667117302,0.41408520332939835,0.018318159213907524,3.9503110327470607,0.2396885347938586,1.734856257153745,0.11181453967835626,1.0144495605624455,0.06316219835661772,0.7253147824066113,0.01423769757236637,0.31462447169941615,0.007096483018515553,0.011589076439215841,0.008515160550345773,0.2280673367309167,0.003787944254320841,1.5277473483378736,0.012572185668467711
1000,100,randomized,covshift,0.0,0.7375076301810282,0.017273314408489553,0.30608167840273487,0.007982997906427852,0.009436813195902187,0.019141884902317934,1.9778790122360235,0.07368536770617531,0.8143735414417559,0.030530429260595644,0.07868717332716592,0.040578399231016346,0.7310228501324083,0.017229109448129415,0.3031596735408202,0.007740541232738854,0.00826794465418466,0.008263757039302178,0.20974125637615917,0.003607493885053107,1.5645222776992977,0.016824982038796166
1000,100,randomized,covshift,0.25,0.9015487928193485,0.021747146515121503,0.2480895173236536,0.007330528970665512,0.06774483748039152,0.024054767079253504,2.7953297827940595,0.3876239407769212,0.7571133354643963,0.09076710120582224,0.026393532532061635,0.06017859640645149,0.9249596988625719,0.023774758789801457,0.25106486509119547,0.00600125198388271,-0.14529456786552516,0.010062315245056914,0.27500859167016495,0.00502956876094257,1.9243232980180318,0.01877151086831943
1000,100,randomized,covshift,0.5,1.3234179496304372,0.038700196412793174,0.22851358988336698,0.005257144819886324,0.08688995080742562,0.02571498702269337,3.326985812791891,0.7010182998864061,0.5486663485483629,0.09887531316559428,0.04414871501478876,0.07717118686738327,1.9542342712235843,0.06346167176472456,0.33087225759509953,0.005205435688057298,-0.5004326228543787,0.014227226519403443,0.3804792463646656,0.005775045957163855,2.4005733846302504,0.0263937076925372
1000,100,randomized,covshift,0.75,1.9299209559881896,0.06533332567079193,0.21406548503223302,0.004845640817729998,0.058725301724269485,0.03089323167623914,4.978487169559891,1.2460127583073617,0.5784440941071225,0.14557307486281804,0.012760114174678417,0.10877882707433313,4.227815774564706,0.11595464393976584,0.4687965509886339,0.005891851650633907,-1.0175505142394756,0.017156550793289795,0.46770394923912656,0.004427629785216791,2.9743968302705177,0.02895598597240538
1000,100,randomized,covshift,1.0,3.071248405344473,0.13125663653104713,0.23123312096527812,0.00613755788146401,-0.12887610354021878,0.030878116799494083,6.555291923248169,1.8935885461972646,0.5116880300966136,0.15535236863030485,0.01682133040829811,0.13594301863005007,8.688960120781873,0.24410937678280759,0.6623953149970201,0.006648632536226544,-1.7156940261323819,0.024326463627908385,0.5188946099193688,0.003443708109826679,3.583081364114837,0.03904125760110974
1000,100,randomized,effect,0.0,0.7421187814744326,0.016494600239598707,0.3126321706526987,0.0077315748156027014,-0.009458483650553833,0.02190655989818515,2.140881898895328,0.1104936458700871,0.8940636242742049,0.04139095467432202,0.018084750280510774,0.04403042741399234,0.7197797815654096,0.016055520434645816,0.3042830283864324,0.008141377214044463,0.008403591320645195,0.008613117086136764,0.20944750917394195,0.003537555794255202,1.550695908915756,0.014564001874671221
1000,100,randomized,effect,0.25,0.8565276255116687,0.0183434051876092,0.3514307597038712,0.007370974152595443,-0.021791900429277776,0.01992195819624066,2.058349091297799,0.08999729783966842,0.8414594355703021,0.0334221071875456,-0.027243720623999015,0.041485009654080904,0.8376924173254698,0.017543679198742928,0.3444795874385489,0.007508951322130369,0.012819112506360655,0.008984525216555158,0.2065060991609801,0.00342969059985991,1.5676151349556502,0.013926560982468472
1000,100,randomized,effect,0.5,1.0217577165967935,0.022168354849910622,0.36084449649813555,0.008036213922534684,0.004005623680346939,0.019913555908973563,2.2962965446331047,0.11147240223123434,0.8075051913848939,0.041798854599647814,0.08239057622551296,0.044896474742412186,1.0338249727282949,0.02158849663427447,0.3655646696957103,0.00809532226551342,-0.0020660928666653873,0.009906582206057082,0.20868951591051704,0.005143989287049693,1.6910720845676241,0.014417014170162692
1000,100,randomized,effect,0.75,1.3247018165381041,0.024560372994524994,0.4053229913808266,0.009252420003678557,-0.052143308734948414,0.022144283132873976,2.439590008845521,0.13743549573074945,0.736311170939439,0.03864563464249146,0.012283971691076947,0.043873305042800535,1.3982378216919895,0.023288055868079856,0.427316339078332,0.008998614421151765,0.018983115935271,0.012828006332738734,0.21128729908508767,0.003101524833407942,1.8248413182299474,0.017822963307720853
1000,100,randomized,effect,1.0,1.709350577997604,0.0322171461158357,0.4615273697698052,0.009214263404194812,-0.03242726449517179,0.02030922452913621,2.74233202189429,0.1483916900312622,0.7325707883075522,0.039480674642216614,0.02809706474991874,0.05040175849724367,1.8914720098911653,0.03370165795930966,0.5093582286785527,0.009180876756319404,-0.014031093759812605,0.013797827530545847,0.21775181242321667,0.004334793153124518,1.935991845254351,0.018732934554903945
1000,100,randomized,prognostic,0.0,0.7334775859308297,0.0186535323012289,0.3161456737038569,0.008557563825442607,-0.03307928881085307,0.020647505588828604,2.0846624756521632,0.08606524184331532,0.8911083011744002,0.03588372088167584,0.028241448789473485,0.04077310752138486,0.7239942698090208,0.01693234479843105,0.31386285848775625,0.008688718791934693,0.009176806598540239,0.008614334538284812,0.20466466025438634,0.004378966142583619,1.53368700570327,0.01603697002449022
1000,100,randomized,prognostic,0.25,0.7524168151211396,0.0179071297168078,0.3204078254204642,0.008833433987887706,0.038895635667671194,0.02069291056120605,2.203445661647459,0.10197646233121438,0.9232929158816563,0.0396068917384689,0.09279367155157468,0.04199529216154064,0.7260166194105848,0.016400893959223437,0.3091590660754327,0.008157495918818326,0.02084347850405118,0.008261957886575055,0.208146835934003,0.0035596476343971737,1.5470248617359739,0.0158125829086777
1000,100,randomized,prognostic,0.5,0.7725304596540842,0.01582675010557815,0.32926850041152783,0.007777781632005943,0.0511199528564909,0.019952789770060136,2.4084981383699766,0.15982455984449476,1.0203770806436865,0.06820238871830626,0.06943657553095604,0.04460765546599154,0.7334604248157081,0.015959658353673436,0.3131102944571348,0.008088491243096562,0.02163940733570843,0.008948325595639482,0.2103715614419683,0.003726833105997649,1.5444313030448233,0.014959132275950398
1000,100,randomized,prognostic,0.75,0.8091248418567946,0.021108593022843937,0.3428444241627635,0.00957693355854489,0.030870400768959777,0.02398205137744132,2.2178984634279932,0.12008789382255806,0.9475057672588746,0.05585544251377174,0.06102528910084988,0.04995619990035448,0.7399418854567529,0.018420989820968313,0.31378197354470894,0.008234765128348202,-0.005313058989798767,0.009032734740892896,0.2167170971770304,0.003458298651620107,1.5465574116827747,0.01599697867599149
1000,100,randomized,prognostic,1.0,0.8039470350307059,0.019676543942252645,0.3471530903477237,0.008975114446336278,0.016605855395560552,0.023056731877314086,2.320079470689119,0.1291407574389891,0.9890030795045551,0.05682732437271685,0.008889767696624102,0.04505244794521711,0.7369929442707537,0.019815796772958656,0.31653144300501196,0.007866748841615059,0.01563439624524622,0.007964660955449654,0.21738167584931453,0.00407010264573358,1.5325525229392694,0.01629744468810398
1000,500,biased,covshift,0.0,0.835717316868616,0.011859780397140262,0.3419265912878713,0.005387080347975246,0.3225725810891552,0.01214635792923267,1.4657134841313093,0.09196466736950401,0.6040747022978502,0.04088769486206805,0.406511817491667,0.026606936614603366,0.732639917961089,0.007885877901146029,0.2995695469351329,0.003491587275740611,0.013170673168317633,0.004022837217179018,0.19410017567157087,0.003005725343772452,1.5663826386113278,0.007448726690116973
1000,500,biased,covshift,0.25,0.9451799277790884,0.011032299398769544,0.24305872857612293,0.002556319590806802,0.29269313655121004,0.010207394569595508,1.4852093379836833,0.0997911750148335,0.3874963685405963,0.029189817919724116,0.34431244693023844,0.020932860782248992,0.9917036201014058,0.011939164155905535,0.2543472439154101,0.0020428727347664155,-0.1563430682637007,0.004266664454242754,0.2918544648007105,0.005171206965410179,1.9724820767145541,0.008525793206938262
1000,500,biased,covshift,0.5,1.18284773344927,0.016016874064816635,0.19492931179950784,0.0023919803150172923,0.3804295543466871,0.011681186195465255,1.4294914629579958,0.13356622896781817,0.23628538782724,0.02179312052071832,0.24788124359000385,0.025343173862996737,1.970414503235251,0.02857980439564122,0.32285062656029445,0.0024088175598397923,-0.4988411875928574,0.005805663584450685,0.4256674555075625,0.004587468331725712,2.4641962513928104,0.011309954849430936
1000,500,biased,covshift,0.75,1.548420062640267,0.026109461107816433,0.1770422489758564,0.00217837924902355,0.5837971473579053,0.01350131158906672,2.4565818446867214,0.4764191024522269,0.2786281305072528,0.05203349420919321,0.22839499243541983,0.0511567377213629,4.055763775043054,0.052558978068012865,0.46357327048876695,0.002716494999200112,-1.0011489295120592,0.008144960540435722,0.500515605872303,0.0031045547121494755,2.9509041499802784,0.012804853518202283
1000,500,biased,covshift,1.0,2.212921496153014,0.04598805162943701,0.17419458031125162,0.0027039204413943146,0.890574101343689,0.018669563796532045,3.550458745016316,0.8610560508127124,0.2912843405059724,0.07116151563326395,0.17839182986312876,0.07778072818235023,8.248447178461326,0.10257999264481868,0.6508619118794967,0.002813758399340461,-1.6964210496992493,0.010532072135993054,0.5438826258780749,0.002342540178359672,3.5521527582970656,0.01747150265957384
1000,500,biased,effect,0.0,0.8533482542640936,0.011575316145745394,0.35243830377372537,0.0047806818900424245,0.3288782603071697,0.011778610279612403,1.659287469944107,0.12254911111688575,0.689174831039673,0.05274299038379673,0.46723288124070245,0.043466080101047355,0.7492885115330303,0.0075754826719232945,0.309830214159874,0.003503748112301293,0.01641291444764219,0.0038388393743156836,0.19933479634421336,0.003328908566586908,1.5575333506545588,0.0068898015978626475
1000,500,biased,effect,0.25,0.9429322007279756,0.01155603901253238,0.36231835657983646,0.004822299518673306,0.33676396879235154,0.010797780200912134,1.4655887498238835,0.07126194488650606,0.5622197181312474,0.02715741616881342,0.4123620060352408,0.024777423516620253,0.8297041105808802,0.0070645396156426895,0.31876043041141583,0.0031769990875059966,0.01718776973763356,0.004132134318514829,0.19634377875298423,0.0025637228901612048,1.6158486952306685,0.006828793058725755
1000,500,biased,effect,0.5,1.0663476404378434,0.011119705100364728,0.358306959992377,0.00392640258700992,0.2878847068301238,0.011109043041185507,1.5258498684396304,0.08482939816829194,0.5172217266172757,0.031522561297699446,0.4090436082831419,0.029067603070933517,1.0539748082935825,0.009446481635571796,0.3541789452391781,0.0034743117233130933,0.022157319163421393,0.004517049009562396,0.1966540280269002,0.0040155229019090116,1.7268373862985635,0.006258774909999866
1000,500,biased,effect,0.75,1.3132872300830414,0.014415247609192555,0.39820765882546555,0.005452318532190385,0.3227194149716695,0.011382285510444224,1.6313980237362133,0.08970628078453494,0.49455672090873337,0.027728207910302293,0.47160437896092744,0.027240275102085494,1.386776158007236,0.010893075446749324,0.4201579191576363,0.004434847155090708,0.010415890954335517,0.005282513726793706,0.1939405913712049,0.00315526322958471,1.82033495499117,0.007194364481804158
1000,500,biased,effect,1.0,1.6445566756319598,0.01833494919348162,0.425158082596753,0.004913021296234525,0.31283341561956096,0.012882276778705803,1.6152419262560336,0.105855516213441,0.4137719470083303,0.025355182179538506,0.41269927298230824,0.030411800123380968,1.8780440406636425,0.014150881838278844,0.4855023319495972,0.0038692215466437987,0.022354220501610515,0.006613282018844896,0.1962677194964903,0.003071463538168652,1.9686147222251762,0.007572379611595359
1000,500,biased,prognostic,0.0,0.8268316306987823,0.011898020944597753,0.33310740298046043,0.004901658231011305,0.3227091485757159,0.010789279327854982,1.5311325592965463,0.09530041790993452,0.611554960550234,0.031214139415616664,0.43497659270947453,0.028224193990432734,0.7205101846968185,0.008403112753904523,0.2901333551286647,0.003378151476491553,0.011025033642701874,0.0035292475021932988,0.1967128408983506,0.003105158002410869,1.5774819577143828,0.007320901310033004
1000,500,biased,prognostic,0.25,0.8383934004255612,0.011327739870384278,0.34310377427791644,0.005460736816846077,0.3299565125829869,0.011149379475985655,1.4711402851455757,0.04751447975984133,0.6048962930371973,0.021363875795183382,0.41607319248983193,0.01927999354022543,0.7299201268639037,0.007658231342746444,0.2982974496805255,0.003631177580414173,0.011210129392831798,0.0037356826467398263,0.1992388276540527,0.0031841106193291934,1.5672810978592937,0.007185081489044001
1000,500,biased,prognostic,0.5,0.8462704524534065,0.011080813077520598,0.3471415939238811,0.005295834570068017,0.33237407540877045,0.011694069674599343,1.6372685063381311,0.11743320387039431,0.6719010519955154,0.047265720159406804,0.4388128266294736,0.03738807809325343,0.7278675512909086,0.007641926251028883,0.29822325406698824,0.00356883551357766,0.014960418697192068,0.0037955770034652377,0.20162982764238227,0.002938512104564803,1.5651689736307732,0.007220053309469773
1000,500,biased,prognostic,0.75,0.9147056039822842,0.013632254697049267,0.376815854577612,0.0054529223676391,0.4119216084033476,0.011468171370095908,1.6554405088424098,0.11925128292074583,0.6826953723319055,0.04944285734303326,0.46483181233706355,0.0326200521184794,0.7267997062770477,0.0077385812723462675,0.2994398865545875,0.003085536224422691,0.01308642740549918,0.0034290816910217035,0.20352580720512706,0.0027292913439586988,1.559147847878748,0.006560434759840274
1000,500,biased,prognostic,1.0,0.9969698278041902,0.015343707679243545,0.4135577747377602,0.006410587542848592,0.481439375479464,0.01186049501329454,1.6492733755836835,0.10189142835904677,0.6795501376979154,0.03971902631036814,0.4641347058608574,0.03321322056237931,0.7310991177817786,0.008285467854964765,0.30313672054915175,0.0033071042158090494,0.015074873764757468,0.003521705528048015,0.1995512381129932,0.002709762200497858,1.5550984443176816,0.008499734267272716
1000,500,randomized,covshift,0.0,0.7046580973648294,0.007313257446898884,0.2939197579816689,0.0029470503569462457,0.0020377566466962664,0.00996951502630475,0.9838850097294183,0.023552369369910814,0.4106729965979048,0.010096164735119127,0.02088852902752512,0.0175338573590716,0.7369672961123475,0.00773367651427149,0.30752603206405704,0.003203547444561189,0.015860914195600685,0.0035602927863328296,0.17566151402484353,0.002472499123446394,1.5495786176283337,0.007299827611314025
1000,500,randomized,covshift,0.25,0.8458997551546655,0.009712607230147738,0.21970347105642204,0.0023505177153889056,0.04884668384677604,0.010336767458944835,1.1203311164424048,0.10046689782578826,0.2918720434741449,0.027137813660186538,0.004606635915104915,0.0223194472166791,0.9846554915081687,0.012562158086111382,0.2549553344446379,0.002212460921344291,-0.15138240541332537,0.004539755624864032,0.24940451859852286,0.004424972689917618,1.9633903928310212,0.009750289767748218
1000,500,randomized,covshift,0.5,1.0597026406020749,0.013737437726265862,0.1768667399905846,0.0018447675432505812,0.11981773990140987,0.010755632438781313,1.139210715593694,0.15487372313426007,0.1916898835579904,0.02606356984400012,-0.018696855130328437,0.02442594495533671,1.9225004989753376,0.029562324824585668,0.3194123704518739,0.0028280442303888244,-0.4961931071902651,0.006003972026393807,0.3784306233499347,0.004665503169721353,2.446244691433121,0.01072870857730179
1000,500,randomized,covshift,0.75,1.4725784441521197,0.022337622722731033,0.16308935662060103,0.001879952619446289,0.1768558664457008,0.01733601258403816,1.87645033633742,0.4880963851631906,0.21148503294404108,0.055579717428347386,-0.10774210737784654,0.045676465285325596,4.301260475019478,0.05705874764587887,0.47506703632695874,0.002504545682828877,-1.0279632310732199,0.00799057772599314,0.46243409738361085,0.0035186315951855366,3.0012713322037734,0.014296053225260254
1000,500,randomized,covshift,1.0,1.893114255508623,0.02898535301868111,0.14958905307683015,0.0017612358716432171,0.28745407833006287,0.020290008136588832,2.0759056842682946,0.736601654718956,0.17152248053390148,0.0633400243504987,-0.008260809050537197,0.06006543443807956,8.214677487444803,0.08138305268025924,0.6494387836319647,0.002647923986647862,-1.6818571661577,0.009192398875390462,0.5132462131936736,0.0029306967294076337,3.552114732303959,0.01416974958403264
1000,500,randomized,effect,0.0,0.7022112296059316,0.007849454958573586,0.28946267553943267,0.003133765011201173,0.007926701137901478,0.010809814571471245,1.047751409448886,0.08085173775856908,0.43851348409814345,0.039711033897448615,0.02009762031781786,0.016498357773826945,0.732716561456655,0.008032782500288967,0.3022518455214427,0.0033484150310915126,0.018485793897987535,0.004073210669425195,0.17789186497804674,0.0028304424895014535,1.5584936000271044,0.006706192625558051
1000,500,randomized,effect,0.25,0.7765476217343534,0.007393180722803214,0.300463085525773,0.0028581897711975972,-0.012679662402322727,0.010278197981521622,1.0069865075155564,0.025355157413035234,0.39004709526595205,0.0098786607452137,0.00016958505327419689,0.015793694326834553,0.8163377812869628,0.0077362788704149615,0.31612958660912716,0.0032832543588322814,0.01654258877451138,0.003866851681581385,0.17315544818782455,0.0028046222459727484,1.609271761788063,0.007240367565247319
1000,500,randomized,effect,0.5,0.957454119111968,0.009448964779305381,0.32130836146562225,0.0035014572255729105,0.001511833673034879,0.010933538264930254,1.023481694347937,0.032022544270337606,0.34300363856299143,0.010436804417594371,0.005988850598846646,0.018207954770332154,1.0571349976380735,0.00929996375529395,0.35447848052827474,0.0032365580930193323,0.017035620217834682,0.00469653693800939,0.17510095314248178,0.002513285823015546,1.7289378144037102,0.007643190719369563
1000,500,randomized,effect,0.75,1.1901793591996226,0.011226741531753091,0.3572850435822839,0.003925706765994874,-0.004076345178882125,0.010740089980171074,1.0333977865085462,0.023315621396435532,0.3111127586689816,0.00776057880426371,-0.008396021339694505,0.019101639413142704,1.406559017599259,0.011602154707435065,0.42239444277172306,0.0044529020053068,0.018279757287701127,0.004988870604759181,0.17708777454736715,0.0027588011903900826,1.8284534679929363,0.008105451457795645
1000,500,randomized,effect,1.0,1.451146326029771,0.013315683590828293,0.3733948191242454,0.0039007520812270164,-0.012751029852117896,0.010657884871558687,1.0167110998723359,0.023548996483674457,0.2621785176762288,0.006463653920758539,-0.013007434728826886,0.018949173874830867,1.837966754169619,0.012750764176479652,0.47324192901887663,0.00443079396972437,0.015185296413217187,0.0055917111466450556,0.185878609214734,0.00321325125013626,1.974255196153439,0.008017141047269832
1000,500,randomized,prognostic,0.0,0.6976399298827084,0.0077318480954763815,0.28330018249034356,0.003154084408340415,0.011234905406778451,0.009691208600685735,0.9913317040727725,0.025585597573439384,0.4034186263624355,0.01098950276159268,0.007383712217157478,0.017243276553442634,0.7384572855613298,0.00833866268069174,0.30002916728649265,0.003511913844229139,0.006293973609750862,0.0035632016376683263,0.17955394417758586,0.0030774161245427528,1.5708891565407694,0.007406613587117712
1000,500,randomized,prognostic,0.25,0.6928736745310904,0.00792391557706938,0.2886497772456599,0.0033362673729698026,0.01888293258475038,0.009907795834510407,1.068857966617521,0.05507932554784647,0.4463177872922062,0.024075982115489496,0.04682662240790101,0.017679320703233203,0.726489305194763,0.007828758619732524,0.3027775838277321,0.0034105232331269075,0.017897095602023332,0.0035961894103784856,0.17491676087777702,0.0030413885305608365,1.5512868378245606,0.00770417580888341
1000,500,randomized,prognostic,0.5,0.708070525063714,0.0074847213808673626,0.2894025786751669,0.002670006085436646,0.01081026655285785,0.0095482230864202,0.9773155332479156,0.02912262581506177,0.3999958699914287,0.011827192804128967,0.0013736150845808726,0.015682392814300745,0.7269027552679784,0.007602927970613113,0.2972002200657484,0.002829749404141942,0.010677677212647889,0.00346773782493806,0.17863453364735304,0.0025338884762688097,1.5648539623584774,0.007078834003410686
1000,500,randomized,prognostic,0.75,0.7381555323143707,0.00865491092673055,0.3026691692550976,0.0037311197219755433,0.005684131326026379,0.012566028137030411,0.9867233051469129,0.023794421013111026,0.4046022283291496,0.010179544386965712,0.034948351325339744,0.018907365265831557,0.7298122379326253,0.007370421717295632,0.29973318012861205,0.0036763664553775056,0.010155633630103527,0.004142711056763877,0.18164770046114598,0.0027047499598348793,1.5642563486062389,0.007567249022996094
1000,500,randomized,prognostic,1.0,0.7755035179373987,0.010075031294365485,0.3198796114025541,0.004380304627984414,0.019094694631600885,0.012844115190964105,0.9971254445779162,0.027718804927716566,0.41215898403430296,0.012005597387437665,0.044177397268319644,0.018668134714617656,0.7323741884048869,0.008079082208085828,0.3019020509296628,0.0034157777711426307,0.010384455698037653,0.003624066625331888,0.1858584359417957,0.003444464694228226,1.559257665772096,0.00661579054718157
5000,50,biased,covshift,0.0,0.31092876562716876,0.010870117693917932,0.14250205564854818,0.006776700444831299,0.19425308920445972,0.02198508926002479,5.631456691319354,0.3103947145640631,2.503827790011513,0.1350994985663532,1.044422138705879,0.09226370409794553,0.2323391145350084,0.007116222420122676,0.10636807822159172,0.004158212041610694,0.14916794516149093,0.006708345183301203,0.30320804164742876,0.003371651896790473,1.5126514567815186,0.020691555481746764
5000,50,biased,covshift,0.25,0.31514472794082093,0.013797801186994602,0.08684012436080621,0.0037676724777447384,0.15527097470116202,0.024886536365453342,7.981215319678304,0.5944088890566414,2.199026300818978,0.17265265659215054,0.7397999443764647,0.15527525239321735,0.22124678665853384,0.008066453534147087,0.06155177722398296,0.0024410219832742366,0.12191333777260371,0.007153055841967589,0.33974873026465985,0.005445291529663086,1.940030868530225,0.03354231215045988
5000,50,biased,covshift,0.5,0.3623070145173348,0.02433453163226878,0.06256405724646143,0.003155461383799281,0.1958732137843326,0.02643557675423868,14.443237237557774,1.6459233411038992,2.5789798675638362,0.26955264581398986,0.29838339511447687,0.25405358664367295,0.3069643601995551,0.02951235535527586,0.049941333800136094,0.002358951258518733,0.04796768047058129,0.007721172912577505,0.4097154435930495,0.006096331121380768,2.3916690998297954,0.04146952055432868
5000,50,biased,covshift,0.75,0.524557460450956,0.03080571226213471,0.05941223858833333,0.0028996600666896027,0.28300927004396215,0.02907536135768659,25.609481679709635,3.6813178402471545,2.783689869140204,0.3590568652529206,-0.2695001021903823,0.36225920788059196,0.6750139310850879,0.055132563315873594,0.07019306714545982,0.0038454876771603043,-0.13017643847883453,0.013071322829390955,0.4899550470576922,0.005964069311785377,2.9602883792550516,0.04189377136288483
5000,50,biased,covshift,1.0,0.9576655036674379,0.06290170434545403,0.07393865372429896,0.003533640206103747,0.4425934840469836,0.03487584515247312,51.06609780255612,6.627099961074161,4.108504958496527,0.5057269574886806,-0.6144147554308887,0.5564688912002868,1.6856959402861156,0.11068724380719172,0.1258709742606683,0.005452488327629228,-0.397264428016615,0.016691177233658656,0.5486982712624318,0.004323614850619716,3.4986198285309626,0.0483041591073173
5000,50,biased,effect,0.0,0.32508088487497305,0.013136310498331754,0.13511961276811468,0.005613363246886547,0.18429691245935037,0.02160775637217463,5.434726827503588,0.2717933521013366,2.2422187872022654,0.10423595933675397,1.0013241388478047,0.09037387793742377,0.24949123453594355,0.008298487935075871,0.10459522922009279,0.004153116256997722,0.14682358792207317,0.0070438649109743155,0.30114175172747343,0.0038941826151592434,1.5703027657775985,0.01883017286660228
5000,50,biased,effect,0.25,0.3818932604260371,0.015215024633285865,0.15914526153617037,0.006919330921144709,0.17034727267174649,0.02321875865310067,5.805858492480609,0.2671610222490662,2.369043697263487,0.10420539500626946,1.0113739665523043,0.09121992963026987,0.3137306272404142,0.009406114033872329,0.1293432789652791,0.003958415308957092,0.15622576705365104,0.007823775821809351,0.30741309762950736,0.004956154905445154,1.5736543556870959,0.020200067274881172
5000,50,biased,effect,0.5,0.5182565585009252,0.01919431053187373,0.1911640457426025,0.007916566623065826,0.17632356018095596,0.024062822877596847,6.484424046052989,0.3097034409061918,2.3665960007000835,0.12208000559110113,1.040791849571162,0.10465635297141247,0.5095048031733268,0.01559554231667519,0.18753212244104692,0.006442306848014047,0.13561505049734693,0.01004942425670805,0.3086306204056905,0.004290390329214957,1.6748132457589626,0.022214552526520093
5000,50,biased,effect,0.75,0.7860817287398352,0.02206181624488979,0.2557589548618035,0.009474342984875442,0.21225410766920255,0.023568725186432885,6.323438167776056,0.3223014849186374,2.0151840487866446,0.11404987776794287,1.0221957214178727,0.09553517496738896,0.849200138549138,0.02027910000019852,0.276104921390804,0.00935634013880252,0.1552423907073419,0.012956435388041443,0.30227765249536165,0.0038306179829385124,1.7931771292291432,0.02469500296525904
5000,50,biased,effect,1.0,1.0985302313501035,0.027927265019007268,0.3138619494633676,0.009170441843615347,0.21167797456901255,0.02419697053577987,6.942145928799127,0.36816983159468963,1.9175619053123278,0.08798583650262551,1.019875066130755,0.10797494875297031,1.2731484960449984,0.030589903715860407,0.360808677218235,0.009252216262115249,0.1290496791474122,0.015194122223616328,0.3132322974090725,0.003998231974720729,1.8996005636420978,0.026119294991861504
5000,50,biased,prognostic,0.0,0.2927661433504689,0.013476608943192987,0.1282726964283054,0.006457879044529347,0.16183915478626068,0.021343677290675024,5.502222667871009,0.2756105733115491,2.4413036414422002,0.13925006312095342,0.9983925399135966,0.08945791558021285,0.22772912462900702,0.00709687678646226,0.09958148590402928,0.003372518991521084,0.14629301590362367,0.006702033821442598,0.30496988717891355,0.00390682181845899,1.5323626185381258,0.019814510264758677
5000,50,biased,prognostic,0.25,0.313969741272586,0.012371290224941423,0.13820455764189807,0.006258152079953833,0.17775970711719882,0.021439292262745418,5.851674514654043,0.2938753109235991,2.5047711827906785,0.12064145019549281,1.0069894489215008,0.09514694258409598,0.2503488765172888,0.007822886303682103,0.10921089660917131,0.0039416865430890935,0.16812953844082248,0.006418597775602633,0.29638461565189034,0.0034021267505483393,1.5371127973430023,0.01959273438191385
5000,50,biased,prognostic,0.5,0.3669943392391604,0.016230615823139966,0.15026777767796798,0.006236941574225867,0.2485401525222906,0.02371642677746681,5.755027092956601,0.29629422478477196,2.3271161747553553,0.1133063052222131,1.0550389417507897,0.09507728456963141,0.2474969641962619,0.009297693303087351,0.10227876597640817,0.00391550022868678,0.1590194716179021,0.006088251630604734,0.30837219173568975,0.0038011723843398904,1.5738453011656506,0.022400893478782685
5000,50,biased,prognostic,0.75,0.38819089905826887,0.01566048855914602,0.1654036936397372,0.0073944221148778575,0.30083619777666243,0.02329443311643991,6.596731632107419,0.3222034911189364,2.776950534960385,0.14367621500656252,1.0119231974016294,0.11425158044126633,0.23718549076867798,0.00637705434990196,0.10080890861130098,0.0030974590385580677,0.15728116695390848,0.006806183001059446,0.31581593884082787,0.004389054888863767,1.5557810073080214,0.020261825066742064
5000,50,biased,prognostic,1.0,0.43623606144620064,0.021336250044567674,0.1870766910116421,0.011455254623773507,0.3535774575289995,0.02580659687270248,6.848101059046167,0.30656024280329425,2.812292129772155,0.14012199895228916,1.0389978472259553,0.1180487023279914,0.23747616687494005,0.006279917113270905,0.09905830327399197,0.003649466146711495,0.1613445650157243,0.006938525440069676,0.30981669172837484,0.004328151244809378,1.5787986731115446,0.018264642243485917
5000,50,randomized,covshift,0.0,0.2997818290453117,0.013906850798704956,0.12745253881993024,0.004985172696195561,0.04479975509408389,0.022571968133182404,4.207195945009036,0.28360471999770986,1.8239927895213313,0.13114928904615905,-0.049893121789698555,0.08379584224438738,0.24785892265273077,0.010076721769854727,0.10627800475009075,0.004075027242023512,0.15788170504334842,0.006600205364007006,0.3051699959902243,0.003861645716094087,1.5413394389561026,0.02019316850110108
5000,50,randomized,covshift,0.25,0.28651818652586014,0.012391955564069525,0.08378728084993492,0.004947073180551284,0.05517732021691216,0.023249980301705223,8.193319675298465,0.897817203811621,2.415233578718268,0.29896130838766977,-0.5900121124338924,0.15731335171718347,0.21792123417237796,0.008451881980706904,0.06294991148048225,0.0023765804876182905,0.12631892201783074,0.00602540913070289,0.3355227456327504,0.00517135864767145,1.8848613237918834,0.02879782924083239
5000,50,randomized,covshift,0.5,0.3521144843848636,0.01825061201164902,0.060140463577118865,0.003067219215059652,0.05380142404905464,0.026912061015640004,15.972874992555251,2.210255429743963,2.549763805039006,0.3197923772414832,-0.8439441590083488,0.25056327742672707,0.27898711686321,0.011887843393039266,0.04716607829966904,0.0017028373296977095,0.032468933604871304,0.007956607027829203,0.39494661446695817,0.00476834618790926,2.431459598837528,0.030912091818304538
5000,50,randomized,covshift,0.75,0.5302463492121695,0.038244776532358624,0.05907406600730129,0.002647472335419693,0.133079964165623,0.03072817270269958,26.54958561307917,3.949404004526154,3.3097071982176867,0.46831467105532604,-0.7936536205363914,0.3643888856091185,0.6520816286698529,0.04518814979952468,0.07133465924616318,0.0032744331284713622,-0.11566443299776807,0.011646800852118515,0.467424995264635,0.005558102833433836,2.894943162267631,0.04355304726388897
5000,50,randomized,covshift,1.0,1.1127737976654304,0.14252906720397263,0.0797079525867122,0.007567463533188397,0.11197274001416657,0.043845130758475244,48.78872560957704,6.666681216586132,4.066881003293724,0.5327929104276782,-1.5247324700177753,0.5214978190866333,1.7062885170942683,0.12878109945970406,0.12384458288048394,0.005943658532872815,-0.40908035008135335,0.018536156336437397,0.5091362198498792,0.0048408176920716455,3.5105673292385675,0.051289221317286235
5000,50,randomized,effect,0.0,0.2699769164626733,0.011195933521734498,0.1195316667003366,0.005434160320381662,0.03565917412696375,0.02125256339363816,4.759098183313658,0.36093604328097517,2.1009370576594124,0.18299452687666423,-0.17985643954070327,0.09200369266075561,0.23108144008283238,0.008158221511093395,0.10151884641443015,0.003915326160597288,0.16318716804442895,0.00609649084188119,0.2996468504259965,0.004017253780962426,1.5272879306005445,0.02007835832211671
5000,50,randomized,effect,0.25,0.32440576983963376,0.011334104627653345,0.13689012545814916,0.006318019218112649,0.07248924131642955,0.021725751862007436,4.783577999847295,0.3381501506134238,2.167164895004604,0.22639535356688412,-0.17890973609734398,0.09036752701632676,0.2999373661723933,0.009216348820255304,0.124661490617651,0.004612124419788208,0.14793944294702188,0.007348717359509193,0.301121657585243,0.004180533478508558,1.5818237229279402,0.02217523159177757
5000,50,randomized,effect,0.5,0.4721934514642813,0.015354157868467902,0.17265722170683037,0.00713036842076434,0.04638214820979925,0.022248509166536954,5.143241941304162,0.3378886018551047,1.8387827143115307,0.11852987663555521,-0.17974498765093444,0.096210261786799,0.5038248251058364,0.011963816043566576,0.18103957594891684,0.005183061262411486,0.15679852658866728,0.008716668974546165,0.3070757538325576,0.004229193962022105,1.694538845323189,0.023397020810729176
5000,50,randomized,effect,0.75,0.7170929937697105,0.021519798067882418,0.24774875977217992,0.008464613196838002,0.03785430730852101,0.023882310416727486,4.947826363731835,0.32102536246704416,1.673962121953248,0.10405311062992047,-0.2149777103814222,0.09628203229915988,0.820157568806556,0.018886233140913793,0.2822441016895599,0.007830741962360842,0.1607054484036824,0.012503178138878746,0.30163255346425655,0.003927460683306927,1.7295582373661518,0.02226479563867745
5000,50,randomized,effect,1.0,1.0537932213345282,0.02437645113439631,0.29690946158791665,0.008276565857554999,0.06669571505080053,0.024246865678461325,5.5447679979013,0.3895421634464411,1.4912505939731204,0.09539291145894743,-0.1701438867378692,0.10557216419684805,1.3211951721466095,0.028447319776472003,0.3691452943197236,0.00882111967613498,0.18800406978617493,0.017078729275283835,0.31303800739166737,0.004663269828137147,1.909955806928441,0.023526574931715442
5000,50,randomized,prognostic,0.0,0.2953413882077423,0.01118933950493958,0.1377456375125675,0.005853037656410543,0.06588680133779402,0.02250707105782893,4.667016764731627,0.307406122009677,2.134415886716491,0.14145072655766747,-0.13348462987135293,0.09535404121535948,0.23762883156781453,0.008354337825716443,0.10990054147480381,0.0038363962420987483,0.14550102457960007,0.006333159473568198,0.29774901766632267,0.004305374938147351,1.4889579804594895,0.0193350399928545
5000,50,randomized,prognostic,0.25,0.3147802698062208,0.011881229070573807,0.13560942292749167,0.006375099806500658,0.045319211747210666,0.02319035907711046,5.341300458187907,0.3671528928879767,2.2530896987605398,0.15091067744883846,-0.15025437200098093,0.10258696538217842,0.2512168521048866,0.008547425741444636,0.10741567402273391,0.004383746909810487,0.16311479594902337,0.006831855565937994,0.30037564972649633,0.003995110039656033,1.5555995972907208,0.019977250961418273
5000,50,randomized,prognostic,0.5,0.30232075726161745,0.012983342964410319,0.13120624863941807,0.006699281366338132,0.046000649839998776,0.024748179243527037,5.116293258417176,0.38286005903726805,2.1753676410464355,0.16584393283517967,-0.25550096928664895,0.0944528564906098,0.23685738563872985,0.008727432136871415,0.10270810986610805,0.004257243824994517,0.14799715212023415,0.005912611637192169,0.30832588899718144,0.003945808824998011,1.5488261064305096,0.020472000690826123
5000,50,randomized,prognostic,0.75,0.33357924352951346,0.016616033267169986,0.13688437715392957,0.007541498860221205,0.08539181369906519,0.02639011276999521,5.727036702501448,0.40015644196081446,2.272977887411838,0.14129462371591262,-0.10011498179668334,0.11461344952226826,0.24343549491702027,0.011466588724446232,0.09968574099213584,0.004448028645132032,0.15611095863944147,0.006101153569492183,0.30903948171473844,0.004365038626487441,1.58450889218409,0.022698815083433167
5000,50,randomized,prognostic,1.0,0.3277543756308624,0.014587040953480259,0.14648063646907825,0.0072483566111554015,0.046075405128399784,0.02423491628734883,5.337300826496961,0.3954463836435796,2.37729417910561,0.1696323141369927,-0.10826217943419986,0.09949690268304781,0.24775497603487168,0.009495962984230659,0.108755043549549,0.004059406685553409,0.15424457932273575,0.00673110695526717,0.3098276121875583,0.00456822028290579,1.530061963358791,0.022915424848522117
5000,100,biased,covshift,0.0,0.2913613209892612,0.009738957934707464,0.1275645050363105,0.0049012229099614,0.20137516489063276,0.017952368256706257,3.5535662902527325,0.19884493216203464,1.4960718560883945,0.07432013301007892,0.9998697148803329,0.05495177290939528,0.2349392399978341,0.005442754513493606,0.10192438607484307,0.002858942018864005,0.15302830328975692,0.004537039464268395,0.2611252736264793,0.004030140564184808,1.5350588584643312,0.015929305345486186
5000,100,biased,covshift,0.25,0.2755990489069708,0.011116823515770497,0.07231786208479846,0.0025804999623948418,0.15816398641994536,0.01818856984671579,3.294435365452925,0.2918250450094052,0.878971509654798,0.07811071436668714,0.7990446009390645,0.06521126593201704,0.22213980858326773,0.0058283125048393435,0.05879709004256403,0.0017184873124355474,0.1108055760615165,0.00488820815466518,0.3108252388392574,0.0049421095060248705,1.9631153139386075,0.020526124031588055
5000,100,biased,covshift,0.5,0.32076527019644957,0.012964124615384529,0.05655386853636648,0.0023291678595292096,0.21104218454622173,0.018918192112730912,4.7353067339797255,0.6875297421276316,0.8907251946398097,0.13831718524848746,0.5058866767358078,0.11150115531341362,0.2911792051382917,0.010524066240615382,0.05050023132745629,0.0015526962591137148,0.05057896824144271,0.00568528568517214,0.4004123183020847,0.006223085327593404,2.397469365384873,0.025645316630361542
5000,100,biased,covshift,0.75,0.4769426635916569,0.01986620782444801,0.05440524962171083,0.002258018968958132,0.30237288049838595,0.021573562576402118,4.938396798480174,1.0351419759468765,0.5681767778897355,0.11476966100914346,0.5522021918692355,0.11172003383849757,0.616622187956064,0.030071385458181516,0.06771363268660151,0.002376852495702579,-0.1191640920243497,0.007934818381486332,0.49256367271977625,0.005260645777031779,2.964734839196234,0.03155272330443256
5000,100,biased,covshift,1.0,0.7943203267231373,0.03917956341107855,0.06204943445722253,0.0022627310918774766,0.38247692194743615,0.027095180619476016,7.330023010334907,1.5653855626849427,0.6285641578206479,0.13945445741954607,0.5614865049438045,0.14554255806764513,1.5190716470002152,0.06877346427000362,0.11762529563232127,0.0033718008228518564,-0.3937932196541265,0.011474972633620571,0.5417301488139281,0.004066955325242131,3.5120542293504204,0.03591800761556553
5000,100,biased,effect,0.0,0.3006613682153101,0.010761135807846024,0.1263632758661468,0.00542980875047149,0.20896343531047862,0.01766457183579496,3.3317312205411973,0.16908185255282152,1.3790103677172825,0.06935526367588372,1.0008177095833972,0.048260367375523756,0.2417166989895238,0.006147704366983563,0.1000764561185574,0.0027743249235299373,0.15535226764118235,0.0046696646214592595,0.2605662464679346,0.00317213156049364,1.5703612495924253,0.017912520160770114
5000,100,biased,effect,0.25,0.3440815979666532,0.009622230146372205,0.13861005716750344,0.004935920472488025,0.18846479566414978,0.01612571251485965,3.222156978722213,0.16618551415533456,1.270804572873214,0.06224324355756818,0.9318859294207872,0.04662794161668163,0.31493909594549085,0.0069698640144208205,0.12749373577138054,0.004145369805618202,0.1513034990580859,0.005691642219504737,0.2612022803441278,0.003607035720454603,1.5941831659722618,0.01619804124279383
5000,100,biased,effect,0.5,0.4970802432558569,0.011530753913540154,0.17597565447764957,0.004568136338453786,0.21918747901667096,0.018602178933798393,3.703759275057192,0.20751477342088487,1.2980022657865544,0.0730688963387824,1.0084095859502649,0.05416985640162821,0.5123688054973077,0.008920263127617739,0.1814420046487829,0.004076167060052276,0.15658996224153973,0.006940258543154544,0.26523724428967077,0.003202980881558349,1.6941489854613345,0.014730975746308583
5000,100,biased,effect,0.75,0.7143983568952256,0.014991543739961585,0.22429690578632383,0.005897472074244663,0.21480650645221122,0.01840913457076381,3.8056929113077214,0.2070375926688642,1.170574093179924,0.061299376184329256,1.0171489880653706,0.056269621455258614,0.8281044435911036,0.013931161076179444,0.2586226661429624,0.005267399350681773,0.15004568916285888,0.008378941086511101,0.273948039036069,0.003301609594175776,1.8038537657821325,0.01753704965380297
5000,100,biased,effect,1.0,1.047637906002844,0.01808877340466144,0.2741212363105948,0.006364206249251407,0.21569446801484926,0.017137593112247038,4.335320023214409,0.22943047356896815,1.1152320992360363,0.05708958766858885,1.0728444099360832,0.054504885312664175,1.2858946418356318,0.019145115190326592,0.33551962694818277,0.0066456377748845205,0.15238357662500243,0.010879725478949831,0.26803191562412304,0.003837069148550041,1.974862285475858,0.01825108721255158
5000,100,biased,prognostic,0.0,0.31947915058977944,0.011627160434898592,0.13428738788108668,0.005296862007516419,0.21581828747170817,0.02008963814071444,3.452237078459827,0.17857488020229467,1.4377552546449877,0.07531815509119517,1.031543761829313,0.04804439349304043,0.23816528546021545,0.00672782536905666,0.09925006140400842,0.0027288174657815276,0.14934467587846176,0.003967257013008688,0.26081227574583754,0.003598618357875589,1.5574402951657484,0.016512372290532706
5000,100,biased,prognostic,0.25,0.3181093575525356,0.01202586364448999,0.13179211154724338,0.005757604212799406,0.2134279584721776,0.01858554977290525,3.684637976456186,0.24713822768555693,1.4830258894490433,0.0936063389976126,1.0568236386613103,0.06826387840107005,0.24235680496182666,0.0058739629145672006,0.09993831251441794,0.0029183852403585524,0.1507861769036502,0.004341194414354639,0.26387745314046535,0.004330866392287223,1.5744229707645494,0.016585755609305284
5000,100,biased,prognostic,0.5,0.3531123208855253,0.011451473092491046,0.14936074998889337,0.005762962271612856,0.28592087087780316,0.017866622525510002,3.336439642151705,0.15238604222728602,1.4158942804836432,0.07704016733318432,0.9565179914012557,0.04627866065224144,0.24138164812984436,0.006171229273135392,0.10277098854535988,0.0034010408391650397,0.15745648679882351,0.0047157141643584125,0.2644420710784649,0.00367802132389843,1.5559915393711885,0.017040846391351998
5000,100,biased,prognostic,0.75,0.4105912150422874,0.01791779064649314,0.17548002375689933,0.008652800549574208,0.3538756065725178,0.02145770569050966,4.030880587299141,0.22696670340815667,1.7024841049203738,0.09602133297121726,1.092459488427528,0.06349627956771328,0.24068383078682568,0.006777270592856962,0.10278031160581101,0.003488574868298756,0.1503213529943317,0.004580708621230824,0.27064108118733665,0.003855079843080183,1.54960431249673,0.014366938497477916
5000,100,biased,prognostic,1.0,0.43489840186485423,0.0171135873041403,0.18902377948556826,0.007955824571095813,0.37811938873894435,0.020571059395074143,3.9503110327470607,0.2396885347938586,1.734856257153745,0.11181453967835626,1.0144495605624455,0.06316219835661772,0.2337116725577615,0.0057458013831111305,0.10086592895080417,0.0024441115843964146,0.15512610785134048,0.004905410735793178,0.26737260941722063,0.003681496890932519,1.5277473483378736,0.012572185668467711
5000,100,randomized,covshift,0.0,0.27673095040010925,0.008699886366000862,0.11550651600746371,0.004032043928822532,0.03306152184839852,0.019347841466425614,1.9778790122360232,0.07368536770617534,0.8143735414417564,0.030530429260595644,0.07868717332716592,0.040578399231016346,0.24172535444512191,0.006928307695367156,0.10090285449419537,0.0032003573463713895,0.15519975384112009,0.004329948326512447,0.2618871375511042,0.003575096124427999,1.5645222776992984,0.016824982038796163
5000,100,randomized,covshift,0.25,0.26399761284598905,0.008491718454089798,0.07353298527151425,0.002935212979593885,0.03851423688491729,0.0187733401209641,2.7953297827940595,0.3876239407769212,0.7571133354643963,0.09076710120582224,0.026393532532061635,0.06017859640645149,0.21933539888316744,0.005185323487175394,0.06055321913003882,0.001732963440789468,0.1204343599851981,0.005101913859769302,0.29996377154603165,0.004841069018705709,1.9243232980180318,0.01877151086831943
5000,100,randomized,covshift,0.5,0.31786453108594087,0.015658830026358754,0.05448504001670284,0.0022013838977358903,0.05820390182289802,0.01777235490198554,3.326985812791891,0.7010182998864061,0.5486663485483629,0.09887531316559428,0.04414871501478876,0.07717118686738327,0.3027677906835897,0.012375711674779175,0.0519979719250669,0.00186139416052246,0.03726981836113658,0.005490946551366146,0.38111477911483,0.005724730057030493,2.4005733846302504,0.0263937076925372
5000,100,randomized,covshift,0.75,0.45001382745702445,0.0241757818569403,0.049736133676045485,0.002023906888794812,0.12496391485293155,0.020236473973256647,4.978487169559891,1.2460127583073617,0.5784440941071225,0.14557307486281804,0.012760114174678417,0.10877882707433313,0.6370233194718034,0.030880652680923788,0.06930939362570873,0.0023593507528328595,-0.12113169242779966,0.007428580913540106,0.46600174613443784,0.005483321639613177,2.9743968302705177,0.02895598597240538
5000,100,randomized,covshift,1.0,0.8889603043578809,0.05804231892406525,0.0659390010928396,0.0032900958341599306,0.2032502373258702,0.030055124891181357,6.555291923248168,1.893588546197264,0.5116880300966136,0.15535236863030485,0.01682133040829811,0.13594301863005012,1.7144744254929254,0.09636106472267295,0.1258339413047095,0.0044048323645480515,-0.399848169465817,0.012747951561859722,0.5177782844660055,0.004685788394376389,3.5830813641148382,0.03904125760110974
5000,100,randomized,effect,0.0,0.2798915163600631,0.01044679509234729,0.118031923077784,0.0043828487184041,0.010863600180279593,0.021339650376914522,2.1408818988953286,0.11049364587008711,0.8940636242742049,0.04139095467432203,0.01808475028051076,0.04403042741399233,0.22979226930710112,0.006680685708674869,0.09714273869444344,0.003002864176143176,0.15614723722709362,0.004805838120492537,0.2602273445019954,0.0035593068236943895,1.5506959089157555,0.014564001874671221
5000,100,randomized,effect,0.25,0.31279725006863324,0.007493994118075544,0.12953527267442758,0.0036404326334375146,-0.01429105761960065,0.017765341217936693,2.058349091297799,0.08999729783966841,0.8414594355703029,0.03342210718754559,-0.02724372062399901,0.0414850096540809,0.30625779871749975,0.006614559334957988,0.1266831649207899,0.003237264314256896,0.1591785299448677,0.005048713416937007,0.25641537700311245,0.003710226978673418,1.56761513495565,0.013926560982468469
5000,100,randomized,effect,0.5,0.43703094856366376,0.008845045092846855,0.15553985342478246,0.003885743506636578,0.03758055410980557,0.015715860366982023,2.2962965446331047,0.11147240223123434,0.8075051913848939,0.041798854599647814,0.08239057622551296,0.044896474742412186,0.5024621608400041,0.008204972742792029,0.17819187220705154,0.0035398097303838334,0.1509435614168582,0.006756336320258276,0.25942078953434927,0.003620591651091825,1.6910720845676241,0.014417014170162692
5000,100,randomized,effect,0.75,0.6693991670456151,0.012896852779065274,0.20685883562795088,0.005918712606291976,-0.013544329619462274,0.018892401099318293,2.439590008845521,0.13743549573074945,0.736311170939439,0.03864563464249146,0.012283971691076947,0.043873305042800535,0.8262595114443145,0.01336392455724183,0.2538863580265874,0.006020507140938974,0.15577384927267335,0.009560029276717239,0.2619545101313859,0.0035843519795729735,1.8248413182299474,0.017822963307720853
5000,100,randomized,effect,1.0,0.9796027377844547,0.016908992555562254,0.2664383666635757,0.005881819574763457,0.01390367742034029,0.018508926948920743,2.7423320218942906,0.14839169003126224,0.7325707883075526,0.039480674642216614,0.0280970647499187,0.05040175849724367,1.2644589517882558,0.01878223588207166,0.34232544617535615,0.006150218050109764,0.1404515438840014,0.010309259495161264,0.26711018069519504,0.003886693691107905,1.935991845254351,0.018732934554903942
5000,100,randomized,prognostic,0.0,0.26451919358110354,0.007757795160342205,0.11394414788579686,0.003382970982913185,0.01126767435633748,0.017236513125648924,2.0846624756521632,0.08606524184331532,0.8911083011744002,0.03588372088167584,0.028241448789473485,0.04077310752138486,0.24663774659878482,0.00668060582026842,0.10672925458481235,0.0031205060852489775,0.14917518177592362,0.004769716735301554,0.26073299099102704,0.003314086381564195,1.53368700570327,0.01603697002449022
5000,100,randomized,prognostic,0.25,0.266146444315475,0.009126071390110228,0.11369595082877457,0.0043181178694958735,0.03354322320543669,0.017838734204474016,2.2034456616474585,0.10197646233121438,0.9232929158816562,0.0396068917384689,0.09279367155157474,0.04199529216154064,0.2398704687142922,0.006796468054987068,0.1020638219624699,0.0031406359105327153,0.1591957617434158,0.003992009032225716,0.26063657733551326,0.003380422678331575,1.5470248617359734,0.0158125829086777
5000,100,randomized,prognostic,0.5,0.28445743628449754,0.009321677847061323,0.12227579878555775,0.004619341868010301,0.06717787152428414,0.01910463741069101,2.4084981383699766,0.15982455984449476,1.0203770806436865,0.06820238871830626,0.06943657553095604,0.04460765546599154,0.2355185736025268,0.004859803243922203,0.1011555231468852,0.002806940829757537,0.15941677755017072,0.0037044467347032194,0.26862310124954986,0.004203853571573343,1.5444313030448233,0.014959132275950398
5000,100,randomized,prognostic,0.75,0.30464532562676033,0.011791737632454316,0.1288511836227578,0.0050913704065308025,0.07499367008849407,0.0224400156430995,2.2178984634279932,0.12008789382255806,0.9475057672588743,0.05585544251377174,0.06102528910084991,0.04995619990035448,0.2378537037390949,0.00563069852471057,0.10157750704476337,0.002833281434978396,0.15294301877661973,0.00487234996181682,0.2689716272376122,0.003751799757520116,1.5465574116827756,0.015996978675991487
5000,100,randomized,prognostic,1.0,0.3044419857417391,0.007918948952296556,0.1332975132723928,0.004370238620902653,0.057451192309623055,0.022519931688136464,2.320079470689119,0.1291407574389891,0.9890030795045551,0.05682732437271685,0.008889767696624102,0.04505244794521711,0.22628716374190602,0.005359370410752452,0.09821455884531737,0.0026709200607341753,0.14926496403432396,0.004667157822605491,0.2640179351193137,0.0035499540935679556,1.5325525229392694,0.01629744468810398
5000,500,biased,covshift,0.0,0.307493175043802,0.006736000966254619,0.12586416194756367,0.0029014203070265184,0.23152774146856483,0.01096830015994901,1.4657134841313106,0.09196466736950402,0.6040747022978501,0.04088769486206807,0.4065118174916666,0.02660693661460336,0.23908274201711702,0.0027573904591384835,0.09776158459258993,0.0011864205340162564,0.1523474829560679,0.0017153714810797347,0.22010982797180045,0.0029159013812978013,1.5663826386113258,0.007448726690116973
5000,500,biased,covshift,0.25,0.2828821474489237,0.005538533712105328,0.07292736750054583,0.0014450595428474207,0.19889471850616613,0.009610223254024776,1.485209337983683,0.09979117501483348,0.38749636854059655,0.029189817919724116,0.3443124469302383,0.02093286078224899,0.22517253027666187,0.0026869480894655363,0.0580021805675211,0.0007068337870419269,0.12046406350357224,0.0018211001321895705,0.28785802433911145,0.004752508857854285,1.972482076714553,0.008525793206938265
5000,500,biased,covshift,0.5,0.2885608328755924,0.005786641626836393,0.04782070973730054,0.0010542756351701733,0.15656572378028102,0.010797781256705974,1.4294914629579951,0.13356622896781817,0.23628538782723996,0.02179312052071831,0.2478812435900039,0.025343173862996747,0.30071335054414955,0.005709151090466961,0.04935981675716612,0.0007692022825564837,0.045097337130195515,0.00278032109280031,0.40688994162817715,0.005938701934651539,2.4641962513928104,0.011309954849430936
5000,500,biased,covshift,0.75,0.35413533190398605,0.006801051748065288,0.04055352756653012,0.0006683658438508532,0.1381315208320263,0.010194508974947144,2.4565818446867214,0.47641910245222674,0.27862813050725277,0.05203349420919321,0.22839499243541983,0.0511567377213629,0.6224680887296931,0.014158633069495307,0.07087753374646835,0.0012188208773110558,-0.1156115125770923,0.0033630109051950353,0.4928435897497561,0.004125286036889277,2.9509041499802775,0.012804853518202272
5000,500,biased,covshift,1.0,0.6830915196163455,0.024618765938523118,0.053395103055468754,0.001602599748196648,0.08825573338562026,0.01169698376284907,3.550458745016317,0.8610560508127125,0.29128434050597257,0.07116151563326392,0.17839182986312893,0.07778072818235024,1.5956996519167552,0.03456205646132439,0.12508230447956964,0.0017549460538248383,-0.3955156384558105,0.005446340424339914,0.5477822023450835,0.003562380315226777,3.5521527582970647,0.01747150265957385
5000,500,biased,effect,0.0,0.3072941044315771,0.00693749731757289,0.12705938986355286,0.002926974124980019,0.22929367130265324,0.011287079791387336,1.659287469944107,0.12254911111688575,0.689174831039673,0.05274299038379673,0.46723288124070245,0.043466080101047355,0.23361001014150087,0.002529702740333311,0.09660240162627746,0.0011606547152837067,0.14901683752999387,0.002055618726114328,0.22274662943431686,0.002924574289704165,1.5575333506545588,0.0068898015978626475
5000,500,biased,effect,0.25,0.35821550301084926,0.00735357550825826,0.13780428551356266,0.003012276073288928,0.24950825962105624,0.011448156744630771,1.465588749823883,0.07126194488650608,0.5622197181312473,0.02715741616881342,0.41236200603524104,0.02477742351662025,0.3115634626403563,0.0029730486322133106,0.11963562364452168,0.001246457667283276,0.15348826798478019,0.0023105560285468655,0.22515434496813294,0.003092075008912649,1.6158486952306683,0.006828793058725751
5000,500,biased,effect,0.5,0.4308102615855478,0.008060843258296622,0.14497197702388914,0.002853792819164631,0.21854599294577015,0.011893616233677117,1.5258498684396304,0.08482939816829195,0.517221726617276,0.03152256129769944,0.40904360828314196,0.029067603070933524,0.5096054277727706,0.0041034110021682816,0.17144654453261993,0.0017529473799281433,0.16332855043325784,0.0032161525081867335,0.22708549565449151,0.003141357787021141,1.7268373862985638,0.006258774909999855
5000,500,biased,effect,0.75,0.5778916734487471,0.008787825225535851,0.17520014916776971,0.003032788722457145,0.2522262032254537,0.01107361920372482,1.6313980237362133,0.08970628078453491,0.4945567209087332,0.027728207910302293,0.47160437896092716,0.027240275102085494,0.8232945136176323,0.005854570978607437,0.2491434002687629,0.0021551483061257514,0.15163234546025597,0.004067200616689879,0.23055026932182654,0.0029946209221214533,1.8203349549911705,0.007194364481804159
5000,500,biased,effect,1.0,0.7586806250644283,0.009911173264143895,0.19633025296855713,0.002801909747647855,0.2510529879252402,0.011317042172727353,1.6152419262560327,0.10585551621344103,0.4137719470083303,0.025355182179538506,0.4126992729823082,0.03041180012338096,1.272705139984725,0.008776881087279725,0.3291359163513571,0.002607159998835474,0.1488225368182152,0.004950041237820624,0.23293847613313823,0.00298390138663122,1.9686147222251775,0.007572379611595357
5000,500,biased,prognostic,0.0,0.3056972664953505,0.0058899905367259765,0.12308968931624886,0.002422089829336524,0.23983130996411306,0.009415309847058196,1.5311325592965463,0.0953004179099345,0.611554960550234,0.031214139415616664,0.4349765927094743,0.028224193990432737,0.23792285671399604,0.002505678090599162,0.09600128999575308,0.0011947904308057694,0.15386829440777752,0.0017669283566674316,0.22175774762148082,0.0029739318647757783,1.5774819577143833,0.007320901310033004
5000,500,biased,prognostic,0.25,0.3129748193896721,0.006664776923164938,0.12853247357761183,0.0031555931882481097,0.24716789616414844,0.010266427808245198,1.4711402851455757,0.04751447975984133,0.6048962930371973,0.021363875795183382,0.41607319248983193,0.01927999354022543,0.23435588066935067,0.0023484079312432243,0.09594888025286233,0.0012729585989575839,0.15465185178586766,0.0018923249724776812,0.22502747652672095,0.0029633260426695607,1.5672810978592937,0.007185081489044001
5000,500,biased,prognostic,0.5,0.32942423692231104,0.007365237702252279,0.1354907066969059,0.003380744907919949,0.24521012281973545,0.011315701453091872,1.637268506338132,0.11743320387039424,0.6719010519955154,0.047265720159406804,0.4388128266294735,0.03738807809325343,0.23723719664829163,0.002421333583986661,0.09738407236645827,0.0012854206707361817,0.1540438613851803,0.0020384497717824534,0.22684300955677583,0.003047442919632687,1.565168973630773,0.007220053309469773
5000,500,biased,prognostic,0.75,0.3625911088023507,0.008214294707218763,0.1500106467214756,0.003699487837689587,0.3097817146331298,0.010757361043933187,1.6554405088424105,0.11925128292074585,0.6826953723319056,0.04944285734303325,0.46483181233706355,0.03262005211847942,0.233402120938647,0.002579853238612823,0.09634042671696137,0.0011971345915123951,0.15363083119692678,0.002077185483309002,0.2281319119194954,0.002724679591377289,1.559147847878748,0.006560434759840278
5000,500,biased,prognostic,1.0,0.4334507472939847,0.009915415033709067,0.18006508294573906,0.004229032615682954,0.3769312127425712,0.011965584394809567,1.6492733755836835,0.10189142835904677,0.6795501376979154,0.03971902631036814,0.4641347058608574,0.03321322056237931,0.23245903760099407,0.0025997817990591554,0.09643768949935536,0.001097113867354392,0.15259762008929662,0.0018262541934463005,0.23141187460638965,0.002885788128507093,1.5550984443176816,0.008499734267272716
5000,500,randomized,covshift,0.0,0.2479622145988528,0.003853044457230962,0.10369073409407897,0.0017374130078480084,0.012180016244474588,0.009623105067720444,0.983885009729418,0.02355236936991081,0.410672996597905,0.010096164735119128,0.020888529027525124,0.0175338573590716,0.23817385550629186,0.0023800883691059457,0.09967255606264222,0.0012459368905885523,0.1521262457023298,0.0022561782097596512,0.22152201481866904,0.002914012828954266,1.5495786176283335,0.007299827611314017
5000,500,randomized,covshift,0.25,0.23037414591696806,0.0033956532919433477,0.05997202790981369,0.0009196334981231699,0.02499868188983636,0.00917005786184338,1.1203311164424048,0.10046689782578824,0.2918720434741451,0.027137813660186534,0.004606635915104915,0.022319447216679104,0.22465193292691865,0.0028766307621679197,0.058414985206512726,0.0007193522598752879,0.12207169805652342,0.0021665947984865,0.2680697698161131,0.004408152133508652,1.9633903928310206,0.009750289767748218
5000,500,randomized,covshift,0.5,0.24995787633705455,0.004718150312145967,0.04176474524811868,0.0007444101600599777,0.03532332080350945,0.008310367177765012,1.139210715593694,0.15487372313426007,0.1916898835579904,0.02606356984400012,-0.018696855130328437,0.02442594495533671,0.29186617735423315,0.005566989099832836,0.04852052375981461,0.0006940312737402928,0.04156384128080436,0.0026534541584392825,0.37000383977838047,0.004993861993660065,2.446244691433121,0.01072870857730179
5000,500,randomized,covshift,0.75,0.3550385918703082,0.007028131819241894,0.03932024478038461,0.0006883208169790566,0.0370855970517799,0.01081268690123701,1.87645033633742,0.4880963851631906,0.21148503294404108,0.055579717428347386,-0.10774210737784654,0.045676465285325596,0.6704153583778647,0.01477698384118209,0.07370517093772348,0.0011811648549956378,-0.123214035497506,0.003768261025186245,0.4604921880819674,0.004830882333665717,3.0012713322037734,0.014296053225260254
5000,500,randomized,covshift,1.0,0.5473053376634344,0.01627928837588092,0.043027308138581216,0.0011094935127756258,0.06715827239897147,0.012390421889143438,2.0759056842682946,0.736601654718956,0.17152248053390148,0.0633400243504987,-0.008260809050537197,0.06006543443807956,1.5941023366610085,0.031826879758486484,0.12529114438737193,0.001717152426255052,-0.38843531356904604,0.004799518318816731,0.5162864963414939,0.0034737657734501817,3.552114732303959,0.01416974958403264
5000,500,randomized,effect,0.0,0.24201782058162827,0.0037484975432574034,0.10038964059039036,0.0019309426824326125,0.021840886900306875,0.009365113035936188,1.0477514094488865,0.08085173775856902,0.43851348409814334,0.03971103389744862,0.020097620317817845,0.016498357773826945,0.23931238281296238,0.0024218980634148637,0.09903435335549739,0.0012858484488279785,0.1548912070487749,0.0019336196334914344,0.21872423536487356,0.002984759017813364,1.558493600027104,0.006706192625558052
5000,500,randomized,effect,0.25,0.2712363319361232,0.0039830154520921635,0.10538037626299056,0.0018255239391599596,-0.005746984179666476,0.010070178365244108,1.0069865075155564,0.025355157413035234,0.39004709526595205,0.0098786607452137,0.00016958505327419689,0.015793694326834553,0.31264220402560927,0.0028009939302036497,0.1213825656888893,0.0014868547554805255,0.1560367873352261,0.0027252428261292532,0.21601596338399476,0.0025392407923131,1.609271761788063,0.007240367565247319
5000,500,randomized,effect,0.5,0.35385413250139514,0.004368585098153016,0.11879844538885471,0.0016241629384261172,0.009303327804123136,0.010309000720580577,1.023481694347937,0.032022544270337606,0.34300363856299143,0.010436804417594371,0.005988850598846646,0.018207954770332154,0.5013011268504964,0.004171499693183876,0.16817761349370877,0.0015653790365670072,0.15576390386155722,0.0027565228337271433,0.22410866026705226,0.0036184572032754597,1.7289378144037102,0.007643190719369563
5000,500,randomized,effect,0.75,0.4765085589962841,0.005046933365509328,0.14318411894870647,0.0018424949512966262,-0.003454871389667038,0.009173597457407881,1.0333977865085462,0.02331562139643554,0.31111275866898147,0.007760578804263708,-0.008396021339694516,0.019101639413142697,0.8146005580488628,0.0054932541944675405,0.24460798114738183,0.0022450988270197214,0.15724902608652933,0.003377247394486397,0.22970104962626828,0.0035737964622745396,1.8284534679929363,0.00810545145779564
5000,500,randomized,effect,1.0,0.6678359537124574,0.0058607897726083765,0.17202754407508775,0.0019617829984814785,-0.006284605386938453,0.010940975242002205,1.0167110998723359,0.023548996483674457,0.26217851767622874,0.00646365392075854,-0.013007434728826879,0.018949173874830867,1.2592517200781124,0.007597282464638163,0.3242317316366205,0.00285334134304148,0.1563464997976166,0.004756628305128175,0.2302077521045891,0.0032313289277876244,1.974255196153439,0.008017141047269834
5000,500,randomized,prognostic,0.0,0.2364172854661455,0.003170738051219158,0.09618087862844464,0.0014322238878120828,0.01241206137830555,0.0095593176308,0.9913317040727725,0.025585597573439384,0.4034186263624355,0.01098950276159268,0.007383712217157478,0.017243276553442634,0.2321641793115573,0.002468261812393029,0.09437811520201762,0.0010841098504187003,0.15396007148916072,0.0016909008202111784,0.22129129011513166,0.00316732771823598,1.5708891565407694,0.007406613587117712
5000,500,randomized,prognostic,0.25,0.2380944094191365,0.003365609878428841,0.09955292579892015,0.001663432728912094,0.023917840641009533,0.009738863081792839,1.0688579666175213,0.05507932554784646,0.4463177872922061,0.024075982115489496,0.04682662240790101,0.017679320703233203,0.23261260860421268,0.0027285473255794115,0.09703063822791115,0.001309124633816596,0.15080602638052676,0.0018297104319594745,0.2215099262595792,0.002919188610600395,1.5512868378245601,0.007704175808883405
5000,500,randomized,prognostic,0.5,0.24542960558078777,0.003804106898595023,0.10048151157518136,0.001593873606694636,0.018097826062135194,0.008416418076729094,0.9773155332479161,0.02912262581506178,0.3999958699914288,0.011827192804128958,0.001373615084580872,0.01568239281430075,0.2377578808586443,0.0023832616584406356,0.09747009147684418,0.0011434383265787472,0.1510594187363906,0.0018792936220902022,0.2232767864230999,0.0028555508839382643,1.5648539623584778,0.007078834003410683
5000,500,randomized,prognostic,0.75,0.27369050251257426,0.004063184708358668,0.11235093778929273,0.0018263106659052526,-0.0037273359877401015,0.011963822646770806,0.9867233051469129,0.023794421013111026,0.4046022283291496,0.010179544386965712,0.034948351325339744,0.018907365265831557,0.23958757210091236,0.002667391129133439,0.09839781613684322,0.0013213791554199273,0.15803978318149517,0.001864395440670011,0.22973290758612064,0.0032907077815448943,1.5642563486062389,0.007567249022996094
5000,500,randomized,prognostic,1.0,0.2879257582962791,0.005388108651056658,0.11896069069566413,0.002353026841957206,0.023334761636758357,0.00983786314402145,0.9971254445779164,0.027718804927716573,0.41215898403430307,0.012005597387437669,0.044177397268319644,0.018668134714617667,0.24050589583073145,0.0030626808180016013,0.09935783722660001,0.0014403121279597476,0.15508892275621938,0.002043979026740926,0.22864734754092936,0.0029122446607639514,1.5592576657720953,0.006615790547181576
