"","id","predicted_ite","source","difference"
"1",10,-109.4383203,-106.971965,-2.4663553
"2",11,-109.4383203,-106.971965,-2.4663553
"3",16,-106.2288477,-106.411662,0.1828143
"4",30,-126.2420313,-60.67924,-65.5627913
"5",31,-102.4522363,-109.382854,6.9306177
"6",33,-103.1238672,-82.992717,-20.1311502
"7",48,-101.4436914,-106.22709,4.7833986
"8",76,-106.7356836,-133.06132,26.3256364
"9",83,-99.00033203,-107.687297,8.68696497
"10",94,-102.6988184,-82.43168,-20.2671384
"11",95,-101.9068262,-133.347697,31.4408708
"12",96,-117.9068262,-133.347697,15.4408708
"13",100,-116.4910547,-108.15092,-8.3401347
"14",106,-123.8099023,-134.446574,10.6366717
"15",108,-100.9766504,-107.42924,6.4525896
"16",115,-116.4554102,-108.07841,-8.3770002
"17",121,-109.2862207,-107.64091,-1.6453107
"18",122,-109.2862207,-107.64091,-1.6453107
"19",148,-123.7835352,-109.231486,-14.5520492
"20",175,-102.7422754,-110.829143,8.0868676
"21",178,-102.0132715,-106.559367,4.5460955
"22",203,-78.09798828,-107.3621,29.26411172
"23",204,-78.09798828,-107.3621,29.26411172
"24",209,-101.2251855,-108.427043,7.2018575
"25",222,-116.9161035,-109.471232,-7.4448715
"26",226,-113.7613184,-107.65751,-6.1038084
"27",237,-93.92586914,-104.921428,10.99555886
"28",259,-121.7115137,-108.299357,-13.4121567
"29",287,-101.1824609,-110.139445,8.9569841
"30",289,-111.9905664,-107.449992,-4.5405744
"31",292,-98.7146875,-108.790812,10.0761245
"32",297,-103.2061426,-105.567912,2.3617694
"33",301,-129.5760156,-109.690227,-19.8857886
"34",315,-102.3809473,-109.519084,7.1381367
"35",317,-97.05135742,-109.246867,12.19550958
"36",330,-114.7246973,-107.12553,-7.5991673
"37",331,-114.7246973,-107.12553,-7.5991673
"38",338,-106.5381738,-131.397502,24.8593282
"39",358,-103.4095117,-104.65092,1.2414083
"40",359,-103.4095117,-104.65092,1.2414083
"41",364,-103.3692285,-106.297404,2.9281755
"42",377,-94.22152344,-104.96635,10.74482656
"43",384,-82.72445313,-104.54179,21.81733687
"44",391,-101.430752,-104.529094,3.098342
"45",392,-101.430752,-104.529094,3.098342
"46",396,-123.1831934,-51.76176,-71.4214334
"47",397,-116.5091211,-109.741008,-6.7681131
"48",399,-89.83016602,-104.6226,14.79243398
"49",403,-103.2495996,-109.56547,6.3158704
"50",404,-121.0955469,-108.266643,-12.8289039
"51",412,-103.1451074,-106.72807,3.5829626
"52",413,-103.1451074,-106.72807,3.5829626
"53",417,-102.4202539,-110.248088,7.8278341
"54",418,-102.4202539,-110.248088,7.8278341
"55",420,-84.49496094,-83.677287,-0.81767394
"56",424,-120.6275293,-108.935832,-11.6916973
"57",436,-101.6014063,-106.951213,5.3498067
"58",437,-101.6014063,-106.951213,5.3498067
"59",461,-83.67733398,-103.95683,20.27949602
"60",464,-92.26058594,-105.745402,13.48481606
"61",465,-106.5105859,-82.34501,-24.1655759
"62",494,-107.2530176,-105.15922,-2.0937976
"63",524,-102.897793,-106.55961,3.661817
"64",525,-102.897793,-106.55961,3.661817
"65",538,-100.9624902,-105.560832,4.5983418
"66",562,-106.3594629,-103.979777,-2.3796859
"67",585,-102.1800195,-105.013713,2.8336935
"68",605,-103.2630273,-105.450725,2.1876977
"69",608,-90.41537109,-108.183146,17.76777491
"70",625,-112.595791,-107.8184,-4.777391
"71",637,-96.79818359,-108.307902,11.50971841
"72",682,-101.4214746,-106.652873,5.2313984
"73",684,-76.44344727,-107.16264,30.71919273
"74",714,-108.4195215,-107.17265,-1.2468715
"75",734,-103.3916895,-104.350383,0.9586935
"76",742,-101.960293,-104.606975,2.646682
"77",744,-85.20443359,-107.412883,22.20844941
"78",760,-116.7998926,-107.60014,-9.1997526
"79",790,-102.1888086,-104.61137,2.4225614
"80",802,-104.1189844,-109.61259,5.4936056
"81",803,-104.1189844,-109.61259,5.4936056
"82",807,-106.9649316,-104.04545,-2.9194816
"83",810,-97.30672852,-109.27641,11.96968148
"84",811,-97.30672852,-109.27641,11.96968148
"85",849,-103.1036035,-109.950725,6.8471215
"86",850,-103.1036035,-109.950725,6.8471215
"87",851,-103.1036035,-109.950725,6.8471215
"88",860,-116.6751367,-109.75004,-6.9250967
"89",861,-116.6751367,-109.75004,-6.9250967
"90",862,-96.9190332,-104.41801,7.4989768
"91",865,-103.7288477,-104.777873,1.0490253
"92",866,-85.41024414,-104.142375,18.73213086
"93",887,-118.4778711,-132.177043,13.6991719
"94",890,-119.7251855,-108.154338,-11.5708475
"95",926,-114.561123,-107.71464,-6.846483
"96",934,-109.5076563,-107.792033,-1.7156233
"97",935,-109.5076563,-107.792033,-1.7156233
"98",936,-109.4422266,-107.7476,-1.6946266
"99",940,-102.2388574,-131.24296,29.0041026
"100",946,-109.3367578,-107.67509,-1.6616678
"101",952,-103.3462793,-106.711467,3.3651877
"102",963,-101.2337305,-132.361613,31.1278825
"103",964,-101.2337305,-132.361613,31.1278825
"104",971,-112.2203027,-107.299113,-4.9211897
"105",974,-99.02206055,-109.10307,10.08100945
"106",979,-110.0650293,-107.0872,-2.9778293
"107",980,-110.0650293,-107.0872,-2.9778293
"108",998,-94.61947266,-105.45805,10.83857734
"109",1028,-97.42342773,-106.26005,8.83662227
"110",1029,-97.42342773,-106.26005,8.83662227
"111",1033,-85.82455078,-104.760783,18.93623222
"112",1034,-102.6358301,-109.560588,6.9247579
"113",1038,-67.44125,-106.058635,38.617385
"114",1039,-103.44125,-106.058635,2.617385
"115",1051,-111.6326563,-107.4539,-4.1787563
"116",1070,-101.0457422,-105.324016,4.2782738
"117",1110,-107.5352441,-106.580363,-0.9548811
"118",1131,-120.1619531,-108.618205,-11.5437481
"119",1154,-103.562832,-109.636027,6.073195
"120",1169,-124.6795313,-109.16093,-15.5186013
"121",1188,-93.91244141,-105.334514,11.42207259
"122",1202,-99.28939453,-105.271525,5.98213047
"123",1207,-105.3042871,-106.027385,0.7230979
"124",1211,-102.9695703,-109.602336,6.6327657
"125",1218,-124.0982324,-108.7017,-15.3965324
"126",1219,-108.4175684,-110.350627,1.9330586
"127",1223,-103.0994531,-109.950236,6.8507829
"128",1224,-103.0994531,-109.950236,6.8507829
"129",1226,-98.89510742,-109.307902,10.41279458
"130",1227,-102.8951074,-109.307902,6.4127946
"131",1237,-89.20418945,-104.316936,15.11274655
"132",1238,-108.118252,-104.175334,-3.942918
"133",1241,-108.118252,-104.175334,-3.942918
"134",1242,-101.9427148,-79.75468,-22.1880348
