ln_income,mother_edu,caste_religion_group,elec,dist_school_km,poor,collect_fw,piped_water,math_ok,study_min_wk
11.118118358049584,1,3,0,1,0,0,1,0,2520
11.194935376352896,1,5,0,1,0,0,1,0,1260
11.68940499028055,1,5,0,1,0,1,1,0,2580
11.68940499028055,1,5,0,1,0,1,1,0,2580
10.778977123006351,1,5,0,1,1,0,0,0,1800
10.778977123006351,1,5,0,1,1,0,0,0,1800
10.491301994830229,1,5,0,1,0,0,1,0,2520
10.668978650219241,1,5,0,1,0,0,1,0,2520
10.668978650219241,1,5,0,1,0,0,1,0,2520
11.391333936201985,1,3,1,1,0,0,1,1,2520
11.391333936201985,1,3,1,1,0,0,1,1,2340
11.477308649967686,1,3,1,1,0,0,1,0,1920
11.277215789596893,1,2,0,1,0,0,1,0,3060
11.277215789596893,1,2,0,1,0,0,1,0,3060
10.722738609891799,1,2,1,1,0,1,1,1,2520
11.937872887642017,1,3,1,1,0,0,1,1,2520
13.236229418309948,1,2,0,1,0,1,0,1,2520
10.43385106267516,1,3,0,1,0,0,1,0,3900
11.047726275896391,1,2,1,1,0,0,1,1,2520
11.426288563310505,1,3,0,1,1,0,1,0,2160
12.7641186305409,5,2,0,1,0,0,0,0,2520
11.785399986572829,1,2,1,1,0,0,1,1,2580
10.499256165652112,5,1,0,1,0,1,1,1,2580
10.499256165652112,5,1,0,1,0,1,1,1,2580
11.184435286790631,1,1,0,4,0,0,1,1,2580
10.445840912706414,1,2,0,1,0,0,1,0,2160
11.369989992270412,1,2,0,1,0,0,1,0,2580
11.770671388994348,1,5,0,1,0,0,1,0,2520
11.35675107214979,1,5,0,1,0,0,1,0,3420
12.163170363711957,3,2,1,1,1,0,1,1,2820
11.316922746420394,1,5,1,1,0,0,1,1,2520
11.361532645414634,1,5,1,1,0,1,1,0,2520
10.885584751364705,5,1,0,2,0,1,1,1,2160
11.103768550523514,1,3,1,1,0,0,1,0,2160
11.382258537274573,1,3,1,1,0,0,1,0,3240
11.128747176317603,1,1,0,1,0,0,1,1,2580
11.921725007667265,1,3,1,3,0,0,1,1,2580
11.991027463722105,1,3,0,7,0,0,1,1,2520
11.991027463722105,1,3,0,1,0,0,1,1,1920
10.413342705547674,1,3,0,1,0,0,1,0,2160
10.413342705547674,1,3,0,1,0,0,1,0,2160
11.002116507732017,4,1,0,3,0,0,1,1,1500
10.173552856959743,1,3,0,1,0,0,1,0,2520
10.5815464756746,1,2,1,2,0,0,1,1,3240
10.5815464756746,1,2,1,1,0,0,1,1,2160
11.556760515674256,1,1,1,1,0,1,1,1,2640
11.556760515674256,1,1,1,1,0,1,1,1,2520
11.897854476859635,1,1,0,1,0,1,1,1,2580
10.920546270529568,2,1,1,1,0,0,1,1,2520
11.892737666219704,3,1,0,10,0,1,1,1,2280
11.054866216741466,3,1,0,8,0,0,0,0,2520
11.012479122949106,2,2,1,2,0,0,1,0,2520
11.258562107711272,1,2,0,1,0,1,1,1,2340
12.53222755539203,3,5,0,1,0,1,1,1,2340
12.53222755539203,3,5,0,1,0,1,1,0,2280
8.128880142125638,1,5,0,1,0,0,1,0,2340
10.824188544898831,2,5,0,5,0,0,1,1,2520
10.824188544898831,2,5,0,3,0,0,1,0,2340
10.824188544898831,2,5,0,3,0,0,1,0,2340
11.223922520551032,1,5,0,3,0,1,1,0,2580
11.233885937899789,1,5,0,3,0,0,1,1,2580
10.819798284210286,1,5,0,1,0,0,1,0,2520
10.33854382482173,1,5,0,1,0,0,1,1,2340
10.662913925885341,1,5,1,1,0,1,1,0,2280
11.004779580825998,2,3,1,1,0,0,1,0,2340
10.992907722835323,1,3,1,1,0,1,1,1,2580
10.295563423525277,1,5,0,1,1,0,1,0,2220
10.480129006333248,1,5,0,1,0,0,1,0,2520
10.985309671896763,1,5,0,1,1,0,1,1,2580
11.205054290550551,1,5,0,1,0,0,1,0,2580
11.410682307520547,1,5,1,1,0,1,1,0,2280
11.017989594425455,2,5,0,1,0,0,1,0,2520
11.017989594425455,2,5,0,1,0,0,1,1,2520
11.205054290550551,1,5,0,1,0,0,1,1,2580
10.664316745782925,1,5,0,1,1,0,1,0,2580
11.289794413577894,1,5,1,1,0,0,1,0,2160
11.225256725762893,1,5,0,1,0,0,1,0,2160
11.404237196256764,1,5,0,1,0,0,1,0,2580
11.142745451001325,3,1,0,2,0,0,1,0,2400
11.142745451001325,3,1,0,2,0,0,1,0,2280
11.451167075682282,4,1,0,4,0,0,1,1,2160
11.023388292222021,1,1,0,2,0,0,1,1,2580
12.25191083786729,2,5,0,2,0,0,1,1,2520
12.25191083786729,2,5,0,2,0,0,1,0,2520
9.621787551761894,3,1,0,2,0,0,1,0,2280
11.19524456014451,5,2,1,3,0,1,1,1,3060
10.654337443224362,1,2,0,1,0,1,1,1,2520
11.261909563554315,1,2,0,1,0,0,1,1,2160
9.67852985665631,1,3,1,1,0,1,1,0,2340
11.735836989368275,4,2,1,2,0,1,1,1,2520
10.442900633154032,4,2,0,4,0,1,1,1,3240
11.175716957368046,3,2,0,4,0,1,1,0,2460
10.307985526454086,1,5,1,1,0,0,1,0,2580
11.338226780121822,5,5,1,1,0,0,1,1,1440
10.422311107413181,1,5,1,1,0,1,1,0,720
10.422311107413181,1,5,1,1,0,1,1,0,720
10.484053768176494,1,5,0,1,0,0,1,0,2520
11.328413511006964,1,5,0,1,0,0,1,0,2280
10.757924157061597,1,5,0,3,0,1,1,0,2460
10.757924157061597,1,5,0,3,0,1,1,0,2400
12.994645908268414,3,5,0,1,0,1,1,1,2580
12.075400019877522,1,5,0,2,0,1,1,0,2400
12.075400019877522,1,5,0,2,0,1,1,0,2340
11.813333715015636,1,5,1,2,0,0,1,0,2400
12.20116562577717,1,5,1,3,0,1,1,0,2880
12.20116562577717,1,5,1,2,0,1,1,0,2160
12.630951416408735,1,5,0,1,0,1,1,0,2520
12.630951416408735,1,5,0,1,0,1,1,0,2340
12.549559507752743,1,5,0,3,0,1,1,0,2160
12.549559507752743,1,5,0,3,0,1,1,0,2160
11.097425172408931,1,5,0,1,0,1,1,0,2160
12.988719978507337,5,5,0,1,0,0,1,0,2520
10.60214452626967,1,5,0,1,0,1,1,0,1800
10.60214452626967,1,5,0,1,0,1,1,0,2220
9.829410349139811,1,5,1,1,0,0,1,1,2220
9.829410349139811,1,5,1,1,0,0,1,0,2220
10.978677671259746,1,5,1,1,0,1,1,0,2160
10.978677671259746,1,5,1,1,0,1,1,0,2160
10.80529389020931,1,5,0,1,0,1,1,0,2040
11.248972939884327,3,5,1,1,0,1,1,0,2340
11.670877481980172,1,5,0,1,0,1,1,0,2160
11.670877481980172,1,5,0,1,0,1,1,0,2160
10.14843173380919,1,5,0,1,0,1,1,0,2580
10.14843173380919,1,5,0,1,0,1,1,0,1080
11.41322666926311,3,5,0,2,0,0,1,1,2160
11.023877640745798,1,5,0,2,0,0,1,0,1980
11.325402403776808,1,5,0,1,0,0,1,0,2580
11.445727410406752,3,5,0,1,1,0,1,0,2280
11.445727410406752,3,5,0,1,1,0,1,0,2280
11.468252314258486,4,5,0,2,0,1,1,0,2400
11.468252314258486,4,5,0,2,0,1,1,0,2400
10.564137367503298,1,3,1,1,0,0,1,0,2580
10.764286715905591,1,5,1,1,1,0,1,0,2160
10.764286715905591,1,5,1,1,1,0,1,0,2160
10.156228740289281,2,5,1,1,0,0,1,1,2580
10.156228740289281,2,5,1,1,0,0,1,0,2580
10.848968086540825,1,5,1,1,1,0,1,0,2160
10.848968086540825,1,5,1,1,1,0,1,0,2160
9.76428295481558,1,5,1,1,0,0,1,1,2160
9.76428295481558,1,5,1,1,0,0,1,0,2160
11.0674349200055,1,5,0,2,0,0,1,0,2520
11.0674349200055,1,5,0,2,0,0,1,0,2520
11.094314325192048,1,5,0,2,0,1,1,0,1080
9.662752677191515,1,3,1,1,0,0,1,0,2520
9.268703615273097,1,5,1,1,0,1,1,0,1980
9.268703615273097,1,5,1,1,0,1,1,0,1980
12.631997028039708,2,5,0,1,0,0,1,0,2160
11.088969194220052,1,2,0,1,0,1,1,0,480
10.54641980443157,1,2,1,1,1,1,1,0,2580
10.972001393380205,1,2,0,8,0,0,1,0,660
10.71299453421227,1,2,1,1,0,1,1,0,2160
9.595670797663967,1,3,0,1,0,1,1,0,2100
11.461642696843066,1,5,0,4,0,0,1,0,2520
11.254685683118405,3,5,0,1,0,0,1,0,2400
10.526775414924009,1,5,0,2,0,0,1,0,2400
12.636347432546913,1,5,0,5,0,0,1,0,2580
12.15517927116395,3,5,0,5,0,0,1,0,2160
11.983872399163923,1,5,0,12,0,0,1,1,2520
11.983872399163923,1,5,0,12,0,0,1,0,2520
12.570510877020068,1,2,1,2,0,1,1,0,2160
12.570510877020068,1,2,1,2,0,1,1,1,2160
11.13861012585428,1,2,1,2,0,1,1,0,2640
11.198365393710201,3,1,0,1,0,0,1,1,2580
11.31740924014814,1,1,0,4,0,1,1,1,2100
12.21263605913015,4,1,0,5,0,0,1,1,2580
11.984808576881369,3,1,0,1,0,1,1,1,2280
11.984808576881369,3,1,0,1,0,1,1,1,2280
11.253104962395378,1,1,0,1,0,0,1,0,2160
11.3910515731603,3,3,1,1,0,0,1,1,2760
13.168447025117315,5,1,0,4,0,1,1,1,2940
13.168447025117315,5,1,0,4,0,1,1,1,2940
10.458492727913868,1,3,1,1,0,0,1,0,2280
10.458492727913868,1,3,1,1,0,0,1,0,2280
10.583068121374101,2,3,1,1,1,1,1,1,2580
10.530788690858559,1,3,1,1,0,1,1,0,2340
10.530788690858559,1,3,1,1,0,1,1,0,2460
8.833608482690892,3,3,0,1,0,0,1,0,2400
10.725049935309642,1,2,0,1,0,1,1,1,2580
11.369759234576504,3,2,0,1,0,1,1,0,2580
12.392162094893047,1,2,1,1,0,1,1,0,2580
10.684325046223062,1,2,0,8,0,1,1,1,2580
9.980494888896912,3,2,0,1,0,0,1,1,2460
10.5200506209133,1,2,1,1,1,1,1,0,2460
10.5200506209133,1,2,1,1,1,1,1,0,2340
9.806480934593978,3,2,0,8,0,1,1,1,2520
9.806480934593978,3,2,0,8,0,1,1,0,2520
12.22847483221856,1,3,0,8,0,1,1,1,2520
12.358583410002417,3,1,0,1,0,0,1,0,2460
10.49684202174171,1,5,0,1,0,0,1,0,2220
11.9391796417858,1,2,0,3,0,1,1,1,3000
12.298018080013533,3,2,0,1,0,1,1,1,2160
12.859623642456619,4,2,0,1,0,0,1,1,3000
12.859623642456619,4,2,0,1,0,0,1,1,3000
8.366602832783736,1,3,1,1,0,1,1,0,2040
10.622814044879377,1,3,1,1,0,1,1,0,2220
11.40679798860655,3,3,0,1,1,0,1,0,2460
11.40679798860655,3,3,0,1,1,0,1,0,2460
11.348062614163295,1,3,1,1,1,0,1,0,2160
10.69287629720916,1,3,1,1,0,1,1,0,2520
11.86541867764562,1,3,0,3,0,0,1,0,2400
10.778977123006351,1,5,1,1,0,0,1,0,2220
11.214667666146262,1,5,0,1,0,1,1,0,2580
10.944664918551014,1,3,1,1,1,1,1,0,2580
10.944664918551014,1,3,1,1,1,1,1,0,2580
11.607153241005074,1,3,0,1,0,0,1,0,2040
10.718210566991154,1,2,0,1,1,1,1,0,2520
10.718210566991154,1,2,0,1,1,1,1,0,2520
11.264553845234758,1,2,0,1,0,1,1,0,2160
10.694237736914808,3,2,0,8,0,0,1,1,2160
10.694237736914808,3,2,0,1,0,0,1,0,2160
10.903218291644121,3,1,0,1,0,0,1,0,2160
10.903218291644121,3,1,0,1,0,0,1,1,2520
10.729875458480967,1,1,0,1,0,0,1,1,2160
10.130662964963708,3,3,0,1,0,0,1,0,2220
9.729193687429403,1,3,0,1,0,0,1,0,2520
10.941659577392821,4,1,0,1,0,0,1,1,2520
10.941659577392821,4,1,0,1,0,0,1,1,2400
11.06665398721974,2,1,0,1,0,0,1,0,2520
10.753232416566384,1,3,0,1,0,0,1,0,1800
11.814702731794554,1,2,0,1,0,0,1,1,2640
11.814702731794554,1,2,0,1,0,0,1,0,2640
11.260623406285792,1,2,0,5,0,0,1,1,2520
11.260623406285792,1,2,0,5,0,0,1,0,2340
11.72885102917796,1,2,0,1,0,0,1,0,2160
11.72885102917796,1,2,0,1,0,0,1,0,2160
11.285284314603569,3,2,0,1,0,0,1,0,2160
12.081421704711587,1,2,0,1,0,0,1,0,540
13.860742972268977,5,2,0,1,0,0,1,1,2220
11.831022768939789,3,2,0,1,0,1,1,1,1860
11.831022768939789,3,2,0,1,0,1,1,1,1860
12.260802278936026,1,1,0,1,0,0,1,1,2160
10.21008950984042,1,3,0,1,0,0,1,0,2580
10.541280572963995,1,3,0,1,0,0,1,0,2400
10.541280572963995,1,3,0,1,0,0,1,0,2160
10.602765899026313,1,3,0,3,0,0,1,0,2520
11.85687680608952,1,3,0,1,0,1,1,0,2160
13.065583480153231,3,3,0,1,0,1,1,1,3420
11.932760167490123,1,3,0,1,0,1,1,0,1980
11.874445651738808,3,3,0,1,1,1,1,1,2160
11.874445651738808,3,3,0,1,1,1,1,0,2520
11.874445651738808,3,3,0,1,1,1,1,0,2520
11.936368006309046,1,3,0,1,0,1,1,0,2160
11.095301739538133,1,2,1,1,0,0,1,0,2400
11.24381650610239,3,1,0,3,0,1,1,1,2160
11.105423283436139,3,1,0,3,0,1,1,1,2220
11.105423283436139,3,1,0,3,0,1,1,0,2160
12.463002941930041,1,2,0,3,0,1,1,1,2160
10.475624621025222,1,2,0,3,0,1,1,1,2160
10.475624621025222,1,2,0,3,0,1,1,0,2160
10.8623778980291,1,1,1,1,0,1,1,1,2520
11.320929259319332,1,1,1,1,0,0,1,0,2520
12.064053908508585,1,2,1,1,0,1,1,0,2880
11.333332183047432,1,2,1,1,0,1,1,0,2520
10.362525022649812,1,3,1,1,0,0,1,0,900
10.45682653965135,1,2,1,1,1,0,1,0,2340
10.45682653965135,1,2,1,1,1,0,1,0,2340
10.787792138552428,1,3,1,1,0,1,1,0,2940
10.756433716893001,1,1,1,1,0,0,1,1,2520
10.756433716893001,1,1,1,1,0,0,1,0,2520
10.78116218843919,1,1,0,1,0,0,1,0,2520
10.78116218843919,1,1,0,1,0,0,1,0,2520
10.431494724510879,1,2,0,1,0,0,1,0,2880
11.466891997618188,1,2,1,1,1,0,1,0,2520
11.466891997618188,1,2,1,1,1,0,1,0,2520
10.499600568082863,1,1,0,1,0,0,1,1,2580
10.499600568082863,1,1,0,1,0,0,1,0,2580
10.287081896226075,1,2,0,1,0,0,1,0,2580
10.287081896226075,1,2,0,1,0,0,1,0,2580
10.563362293832501,1,2,0,2,0,0,1,1,2880
9.69898173460629,1,1,0,1,1,0,1,0,2580
9.459619396895018,1,2,1,1,0,0,1,1,2880
11.01206667357142,1,2,0,1,0,0,1,0,2520
9.638284261844774,1,3,0,1,0,0,1,0,2580
10.558958826115072,1,5,0,1,1,0,1,0,2340
10.558958826115072,1,5,0,1,1,0,1,0,2340
10.786655739574796,3,3,1,1,0,0,1,1,2520
10.506463824584774,1,3,1,1,0,0,1,0,4320
9.546383945305841,1,3,1,1,0,0,1,0,2580
10.176220948190334,1,3,1,1,0,1,1,0,2580
10.043292972227004,1,5,1,1,1,0,1,1,2520
9.415808631610384,1,5,1,1,0,0,1,0,1800
9.96274653641105,1,5,1,1,0,0,1,1,2580
9.96274653641105,1,5,1,1,0,0,1,0,2580
9.885883506587767,2,5,1,1,0,0,1,0,2580
9.749228533507058,1,3,1,1,0,0,1,0,2520
9.834191063533472,3,2,1,3,0,0,1,1,2580
10.859556534418696,2,2,1,1,0,0,1,0,2580
11.887732033013489,3,1,1,2,0,0,1,0,2160
10.930048726626888,3,1,0,1,0,0,1,1,2520
9.794007451917308,1,2,1,1,1,0,1,0,0
9.794007451917308,1,2,1,1,1,0,1,0,0
10.650554575085504,3,2,1,1,0,1,1,0,2520
9.442324727955874,1,2,1,1,1,0,1,0,3000
9.531626451841742,1,2,1,1,0,0,1,0,2640
10.147452819542636,3,1,1,1,0,0,1,0,2580
10.721194753031481,1,3,1,1,0,0,1,0,2580
11.834073744348915,3,3,1,2,1,1,1,1,1980
11.834073744348915,3,3,1,2,1,1,1,0,2160
10.819798284210286,1,3,0,1,0,0,1,1,2580
10.819798284210286,1,3,0,1,0,0,1,0,2580
11.193009415184726,1,2,1,1,0,0,1,0,2580
8.674367865788236,1,2,1,1,0,0,1,0,2520
9.239996256883693,1,1,0,1,0,0,1,0,1980
10.439600733828868,1,2,0,1,0,0,1,0,2160
9.275753510524416,1,3,0,1,1,0,1,1,2520
9.275753510524416,1,3,0,1,1,0,1,1,2520
9.682591473762397,1,3,1,1,0,0,1,0,2640
10.60214452626967,1,2,1,1,0,0,1,0,2520
10.60214452626967,1,2,1,1,0,0,1,0,2520
10.276119503549053,1,1,1,1,0,0,1,0,2580
11.225256725762893,1,5,1,1,0,1,1,0,2580
9.569133071885917,2,2,1,1,0,0,1,0,2340
11.544462890968385,1,3,1,1,0,1,1,0,2580
11.544462890968385,1,3,1,1,0,1,1,0,2580
10.445840912706414,1,2,1,1,0,0,1,0,2520
10.209537399846088,1,5,1,1,1,0,1,1,2160
10.209537399846088,1,5,1,1,1,0,1,0,2160
9.96838538411397,1,3,1,1,0,0,1,1,2520
10.525434069084952,1,3,1,1,0,0,1,1,2520
10.525434069084952,1,3,1,1,0,0,1,0,2520
8.343077871169383,1,6,0,1,0,1,1,1,2160
10.773084920418098,1,5,1,1,0,0,1,0,2640
11.538115514793793,3,1,0,1,0,1,1,0,1980
10.627673022880257,2,1,1,1,1,1,1,0,2520
11.347272216859043,1,2,1,1,0,1,1,0,2340
11.347272216859043,1,2,1,1,0,1,1,0,2340
10.430314470029058,1,2,1,1,1,1,1,0,2520
10.74604562643277,1,3,1,1,1,0,1,0,2220
10.74604562643277,1,3,1,1,1,0,1,0,1560
11.300734217613963,3,1,1,1,0,0,1,0,2400
11.300734217613963,3,1,1,1,0,0,1,0,2400
11.113596492217914,4,1,1,1,0,1,1,0,3120
10.33854382482173,1,3,1,1,0,1,1,0,3120
9.357897936333798,1,3,1,1,1,0,1,0,840
9.357897936333798,1,3,1,1,1,0,1,0,840
10.643995304455911,1,3,1,1,1,1,1,0,2520
10.111355016297821,5,2,1,1,0,0,1,0,3360
12.581387776687455,2,3,1,1,0,1,1,0,3360
11.244928365834845,1,3,1,1,1,1,1,0,3000
10.313973369101156,1,2,1,1,0,0,1,0,1920
11.22712162753022,5,1,1,4,0,1,1,1,3840
11.22712162753022,5,1,1,1,0,1,1,1,3840
10.113181056125933,1,3,1,1,1,0,1,0,3120
10.113181056125933,1,3,1,1,1,0,1,0,3120
9.34862295977619,1,3,1,1,1,0,1,0,2220
9.34862295977619,1,3,1,1,1,0,1,0,2220
10.067602707388096,1,3,1,1,1,0,1,0,2880
10.164350690877352,1,1,1,3,0,1,1,0,2880
10.664316745782925,1,1,1,1,0,1,1,1,2520
10.05496322915898,1,3,1,2,0,0,1,0,2520
8.96264794774056,1,5,1,2,0,0,1,0,2160
8.96264794774056,1,5,1,2,0,0,1,0,1980
9.669093450449063,3,3,1,1,1,0,1,1,2880
9.746892220313054,3,2,0,4,1,1,1,1,180
10.405807102008175,1,3,1,1,0,0,1,0,540
8.656259239539235,1,3,1,3,1,1,1,0,3000
11.135187385342592,1,2,1,1,0,1,1,1,2400
11.18207141673165,3,3,1,1,1,0,1,1,2400
11.18207141673165,3,3,1,1,1,0,1,1,2400
10.725643413659608,2,2,1,1,0,0,1,0,2520
10.725643413659608,2,2,1,1,0,0,1,0,420
11.19781738092779,1,2,1,2,1,1,1,0,1440
10.43590831373871,1,5,1,1,0,0,1,0,2400
10.616608914303491,2,2,1,1,1,1,1,0,3000
11.158262780792422,5,5,1,1,1,0,1,0,2520
10.292179440058462,1,5,0,1,0,0,1,1,2160
10.932410298526829,1,3,1,1,0,0,1,0,2580
11.695213687875281,1,5,1,1,1,1,1,0,2580
9.743377484107393,1,1,1,1,0,0,1,0,2520
10.471666571132038,3,2,0,1,1,0,1,0,2520
12.152677143050752,1,2,1,2,0,1,1,1,2160
10.043727641450573,1,3,1,1,0,1,1,0,1860
9.770013301136158,1,3,1,1,1,0,1,0,1980
9.770013301136158,1,3,1,1,1,0,1,0,1980
10.05173512899633,3,2,1,4,0,1,1,0,2760
11.050111924969828,3,2,1,1,1,0,1,0,2400
11.509228640125938,1,2,1,3,0,1,1,1,3600
11.147656555612986,1,3,0,1,0,1,1,0,1800
10.31231367277647,3,2,1,2,0,0,1,1,3360
10.31231367277647,3,2,1,2,0,0,1,1,3480
10.404293143019792,1,2,1,1,1,0,1,0,2280
10.345959386273389,1,2,1,1,1,0,1,0,2520
12.384934056250565,3,2,1,2,0,1,1,1,3600
9.972127028252816,1,2,1,1,0,1,1,1,3120
9.972127028252816,1,2,1,1,0,1,1,0,2880
9.972127028252816,1,2,1,1,0,1,1,0,3120
11.025344251183697,2,2,1,1,1,1,1,1,2640
10.243560441877241,1,3,1,1,1,1,1,1,2580
10.243560441877241,1,3,1,1,1,1,1,1,2640
11.230111523915308,1,3,0,1,1,0,1,0,2400
11.180259973491848,1,2,1,1,1,1,1,0,2880
11.180259973491848,1,2,1,1,1,1,1,0,2880
9.338117741918008,3,2,1,2,1,1,1,0,2640
11.11186563934097,3,1,1,1,0,1,1,1,2820
12.082610388582435,1,1,1,1,1,1,1,0,1680
12.082610388582435,1,1,1,1,1,1,1,1,1680
11.411235980601818,1,2,1,1,0,1,1,0,1920
12.044764747143999,1,2,1,2,0,1,1,1,2400
12.044764747143999,1,2,1,1,0,1,1,1,2280
11.280249120621802,1,2,1,1,0,1,1,1,2160
11.677006673474395,1,1,1,1,0,1,1,0,3480
11.656670767569276,1,3,1,1,1,0,1,0,2700
10.648895059757159,1,2,1,1,0,0,1,0,3000
10.612532688248846,1,1,1,1,0,1,1,0,2160
11.184435286790631,2,2,0,1,1,1,1,0,2880
9.770013301136158,2,2,1,1,0,0,1,1,2520
11.46374572492597,1,5,1,4,0,0,1,0,2520
10.461702359555922,1,3,0,1,0,0,1,0,1500
11.820417517632333,1,2,1,3,0,1,1,0,2280
11.820417517632333,1,2,1,3,0,1,1,0,2280
10.49449125942737,2,2,0,1,0,1,1,1,2220
10.720311477789672,1,3,0,1,0,0,1,1,2880
10.720311477789672,1,3,0,1,0,0,1,1,2880
11.140571095927864,1,3,1,2,0,1,1,0,1800
10.533455287996134,3,3,1,2,1,1,1,0,2220
10.533455287996134,3,3,1,2,1,1,1,0,2220
11.115145748438051,1,2,1,2,0,0,1,0,2880
11.115145748438051,1,2,1,2,0,0,1,0,2880
10.183049243755137,1,5,1,2,0,0,1,0,2880
11.284216455183136,3,2,1,3,0,1,1,1,2400
11.284216455183136,3,2,1,3,0,1,1,0,2400
9.958259788383108,3,2,1,3,1,1,1,1,2700
10.516671188955689,3,2,1,2,0,1,1,1,2640
10.21833478806055,1,3,0,1,0,1,1,0,2280
11.74245657234248,3,2,0,1,0,1,1,1,3480
10.849356503939038,2,2,1,1,1,1,1,0,2820
10.849356503939038,2,2,1,1,1,1,1,0,2820
8.920121751872404,1,2,1,1,1,0,1,0,2640
10.659633006160352,1,2,1,1,1,1,1,0,2760
10.703266939811954,1,2,0,1,1,1,1,0,2820
9.328656598794225,1,2,1,1,1,0,1,1,2520
11.382372489597046,1,2,0,3,0,1,1,0,2640
9.59430941973946,1,2,1,1,1,0,1,0,2640
11.022735454804309,1,5,1,1,1,0,1,0,2280
9.994287576862567,1,2,1,1,1,0,1,0,2400
9.88078171500049,1,3,1,1,1,0,1,0,2520
9.88078171500049,1,3,1,1,1,0,1,0,2520
11.794043541459363,3,1,0,3,0,1,1,1,2880
11.794043541459363,3,1,0,3,0,1,1,0,2880
10.289056028929835,1,3,1,1,1,0,1,0,2460
11.566286120892515,3,1,1,1,0,1,1,0,2340
11.566286120892515,3,1,1,1,0,1,1,0,2340
11.031674824544641,3,1,0,1,1,1,1,0,2520
10.291670853409766,1,3,1,1,0,0,1,0,2760
10.854295646435844,4,1,0,1,0,1,1,1,2220
10.083765355620846,1,3,1,1,0,0,1,0,2760
10.658317618283657,1,2,1,2,1,0,1,0,2280
10.658317618283657,1,2,1,1,1,0,1,0,2340
10.67014073838981,1,2,1,1,0,0,1,0,2520
10.67014073838981,1,2,1,1,0,0,1,1,2520
10.126271039034782,1,2,1,2,0,0,1,0,2580
11.22458984566989,3,2,1,1,1,0,1,1,2400
9.161780181360806,1,2,1,1,0,0,1,0,2580
11.835450895458816,3,1,0,1,0,0,1,1,2520
10.902297921958713,3,2,1,1,0,0,1,1,2880
10.331398849474123,2,5,0,1,0,0,1,1,2820
10.331398849474123,2,5,0,1,0,0,1,0,2520
10.165890277802454,1,1,1,1,1,0,1,0,2460
9.872822138225242,1,5,1,1,0,0,1,0,2520
9.872822138225242,1,5,1,1,0,0,1,0,2520
11.211293206231721,3,2,1,1,0,1,1,1,2640
9.669409436169138,1,3,1,2,0,0,1,0,2520
10.438839921478715,2,3,1,2,1,0,1,1,2340
10.756966271998413,1,5,0,1,0,0,1,1,3360
10.216142686053809,1,2,1,4,1,0,1,0,2400
10.216142686053809,1,2,1,2,1,0,1,0,2280
10.62427421889949,1,1,1,1,1,0,1,0,2340
8.928110078202646,3,2,1,1,0,1,1,1,2280
8.928110078202646,3,2,1,1,0,1,1,0,2280
8.870803443982124,3,3,1,1,1,0,1,0,2880
9.603800372956915,1,3,1,1,0,0,1,0,2880
9.991544216356411,1,3,1,1,1,0,1,0,1260
9.746892220313054,1,3,1,1,0,0,1,0,1620
10.06628644284122,1,3,1,8,1,1,1,0,3600
11.054629038216078,1,2,1,1,1,1,1,0,2520
11.054629038216078,1,2,1,1,1,1,1,0,2520
13.129996173361718,3,2,1,15,0,1,1,1,3000
13.129996173361718,3,2,1,1,0,1,1,1,3000
13.129996173361718,3,2,1,1,0,1,1,1,3000
11.005444242454628,1,2,1,1,1,1,1,1,3000
11.005444242454628,1,2,1,1,1,1,1,0,3000
10.41843467126129,3,1,0,1,1,1,1,1,3000
12.573423894362902,3,2,0,1,0,1,1,0,3480
11.334169543735626,3,2,0,1,1,1,1,0,3000
10.69128560469541,1,2,1,1,1,0,1,0,2280
10.60313853743474,1,2,1,1,1,1,1,0,2340
11.298877919281251,3,1,1,1,0,1,1,0,3000
11.03054151483554,1,3,1,1,1,0,1,1,3000
11.539577132967588,1,2,1,1,0,0,1,0,2520
9.997023431927293,1,2,1,1,1,0,1,1,2640
10.28332711300532,1,2,1,1,0,0,1,0,2520
12.242949267292833,1,2,1,1,0,0,1,0,2400
10.647826772357497,1,2,1,1,1,0,1,0,2460
10.647826772357497,1,2,1,1,1,0,1,0,2400
11.416447603691164,1,3,1,1,1,0,1,0,2400
10.196194479235656,1,3,1,1,0,0,1,0,2400
10.196194479235656,1,3,1,1,0,0,1,0,2640
10.732715997033832,1,3,1,1,1,0,1,0,2400
10.732715997033832,1,3,1,1,1,0,1,0,2280
11.177047052000846,1,2,1,1,1,0,1,0,2400
11.216148828725508,1,1,1,1,0,0,1,0,2280
9.822873848541882,1,3,1,1,1,1,1,0,2520
9.646076003102594,1,3,1,1,1,0,1,0,2400
10.64199043481687,1,3,1,1,1,1,1,0,2520
10.551924982703788,2,2,1,1,1,0,1,0,2400
7.640603826393634,1,2,0,1,1,0,1,1,2520
7.640603826393634,1,2,0,1,1,0,1,0,2580
10.278527816830314,1,2,1,1,1,0,1,0,2640
11.13751903414526,1,2,0,1,1,0,1,0,3000
10.691058156211511,1,2,0,1,1,1,1,0,2160
11.281384251788262,2,2,1,1,0,0,1,1,2520
10.97679912709094,3,3,1,1,0,0,1,1,2520
10.43708198835482,1,2,1,1,0,0,1,1,2520
10.90744111582406,3,3,1,1,0,1,1,0,3600
10.818397331333351,1,3,0,1,0,0,1,0,2520
10.554796597479278,1,2,0,3,0,0,1,0,2520
10.471666571132038,1,2,0,3,0,0,1,1,1860
10.471666571132038,1,2,0,1,0,0,1,1,1860
10.51219277958166,1,2,0,1,0,1,1,0,2520
9.592946185938265,1,1,1,2,0,0,1,1,3600
11.103617984394585,3,2,1,1,0,0,1,1,3600
10.36410350510914,3,3,0,1,0,0,1,1,1500
10.279901396250288,3,2,1,1,1,0,1,1,3600
11.486797072140535,1,3,0,1,0,0,1,1,2520
11.486797072140535,1,3,0,1,0,0,1,1,2520
10.576457535657255,1,2,1,1,0,0,1,0,3600
11.707677772181546,1,3,0,2,0,0,1,1,2220
12.131085055857136,5,1,0,2,0,0,1,0,3240
10.518700218288165,3,3,0,1,0,0,1,1,3000
10.518700218288165,3,3,0,1,0,0,1,0,2880
11.511133861005879,3,2,0,1,0,0,1,1,3600
11.432051578630055,3,2,1,1,0,1,1,0,1860
11.084309430262897,1,1,1,1,0,1,1,1,3000
11.084309430262897,1,1,1,1,0,1,1,0,3000
11.194935376352896,1,2,1,1,1,0,1,1,2460
11.194935376352896,1,2,1,1,1,0,1,0,2460
9.90802723257816,1,2,1,1,0,1,1,0,1800
10.30865261563529,1,2,1,1,1,0,1,0,2640
8.854522203757432,3,2,0,1,0,1,1,0,2400
10.317780249246972,1,1,0,1,1,0,1,0,3000
8.536211197252,3,1,1,1,0,0,1,0,2400
10.503724171902725,1,3,1,1,1,1,1,0,2760
11.481445117743048,1,3,1,1,0,1,1,0,2400
10.112167001239515,1,3,1,1,1,0,1,0,2520
10.867634679419623,1,3,1,1,1,0,1,0,2520
9.781376414141157,3,2,1,5,1,1,1,0,2640
9.781376414141157,3,2,1,5,1,1,1,0,2580
11.784180855205214,4,2,0,3,0,1,1,1,1740
11.784180855205214,4,2,0,3,0,1,1,0,1740
10.768506042432708,3,2,0,3,0,1,1,0,2400
9.924808634239811,3,1,1,4,1,1,1,0,3000
10.207325906555994,1,1,1,1,1,0,1,0,2520
9.312535884290853,3,3,1,1,0,0,1,1,2520
9.760252084449375,1,3,1,1,0,0,1,0,2520
9.959442464680574,4,2,1,1,0,0,1,0,2520
10.55161121619579,1,2,1,1,0,1,1,1,3120
11.412784636346563,1,3,1,1,1,0,1,1,2520
11.412784636346563,1,3,1,1,1,0,1,1,2520
9.517898598432753,1,2,1,1,0,0,1,0,1500
9.517898598432753,1,2,1,1,0,0,1,0,1500
11.643962499267984,1,2,1,1,1,0,1,0,1800
11.643962499267984,1,2,1,1,1,0,1,0,1440
10.525434069084952,1,2,1,1,1,1,1,1,2160
10.525434069084952,1,2,1,1,1,1,1,0,2160
11.486591756518374,3,5,0,3,0,0,1,1,1800
10.465272414899246,1,2,1,1,0,0,1,0,2160
10.799187746794274,1,2,0,1,1,1,1,0,2160
10.696050111394271,4,1,0,1,0,0,1,1,1500
10.696050111394271,4,1,0,1,0,0,1,0,1500
9.975854724662028,3,1,1,1,0,1,1,1,1440
11.3164360159013,3,2,0,1,1,0,1,0,2520
11.3164360159013,3,2,0,1,1,0,1,0,2520
10.881080323786447,4,1,0,1,0,0,1,1,2220
10.881080323786447,4,1,0,1,0,0,1,0,1860
10.814182658053124,1,2,0,1,0,0,1,0,2520
10.072217155810616,1,3,0,1,1,0,1,0,2520
10.072217155810616,1,3,0,1,1,0,1,0,2520
10.491301994830229,1,1,0,1,1,1,1,0,3000
10.491301994830229,1,1,0,1,1,1,1,0,3000
10.757392111974188,1,4,0,4,1,0,1,0,2520
10.757392111974188,1,4,0,4,1,0,1,0,2520
10.555682521764643,1,3,1,1,1,1,1,0,3000
7.9269635448629785,4,3,1,1,1,1,1,0,2760
11.864743633847617,5,4,0,1,0,1,1,1,2760
10.55087871125787,1,4,1,4,1,0,1,0,2520
10.157121510848336,1,4,1,1,1,0,1,0,2520
9.549736900114642,1,2,0,1,0,1,1,0,2940
12.037659911047468,1,1,0,1,1,1,1,1,3000
12.037659911047468,1,1,0,1,1,1,1,0,3000
11.861142743476268,1,2,1,2,1,1,1,1,2520
11.861142743476268,1,2,1,2,1,1,1,1,2520
11.199638363803052,1,2,1,20,1,0,1,0,2520
11.199638363803052,1,2,1,2,1,0,1,1,2520
10.951227510830481,1,2,0,1,1,1,1,1,2640
10.608588007213532,1,2,0,1,1,0,1,0,2520
10.608588007213532,1,2,0,1,1,0,1,0,2400
10.834292442568305,1,2,1,1,0,1,1,0,3000
11.807838828499989,3,2,1,4,1,0,1,1,3000
13.463796147353811,4,1,0,1,0,1,1,1,2880
10.916741642416737,3,2,0,1,1,0,1,1,2880
10.901745293274272,1,2,1,1,0,0,1,0,2520
11.309719335788534,2,2,0,1,0,1,1,1,2880
11.309719335788534,2,2,0,1,0,1,1,1,2880
10.987679702292933,1,3,0,1,0,0,1,0,3600
10.825283105044727,5,1,0,1,1,0,1,0,2520
12.632094998100136,5,2,0,1,0,0,1,1,2880
11.527035449288569,1,2,0,1,0,0,1,1,1680
9.511629447834181,3,2,1,1,1,0,1,0,420
9.511629447834181,3,2,1,1,1,0,1,0,360
11.663076729214897,1,2,0,2,0,0,1,0,3000
10.793044089207646,1,3,1,1,1,1,1,0,2940
10.793044089207646,1,3,1,1,1,1,1,0,2640
11.140425970684525,1,2,1,1,0,1,1,1,2640
9.484253080341965,1,2,1,1,0,1,1,0,2760
9.957312639231036,1,2,1,1,1,0,1,0,3000
11.448184256626327,3,2,0,3,1,0,1,1,3000
11.448184256626327,3,2,0,1,1,0,1,0,2760
10.788308256940795,1,5,0,3,1,0,1,0,3000
10.788308256940795,1,5,0,3,1,0,1,0,3000
10.654455427579775,3,5,0,5,0,0,1,1,2940
12.799098340494329,5,1,1,2,1,1,1,1,3480
12.799098340494329,5,1,1,2,1,1,1,0,3480
11.771443882099637,1,5,0,1,0,0,1,0,2760
11.771443882099637,1,5,0,1,0,0,1,0,2760
11.293537353157436,3,5,0,1,0,0,1,0,2760
11.508626236517395,4,5,0,1,0,1,1,0,2760
10.789339695269716,1,2,1,4,1,1,1,0,3000
11.775681960197485,2,2,1,1,1,1,1,0,3000
11.66814129161287,1,2,1,1,1,1,1,0,2640
11.66814129161287,1,2,1,1,1,1,1,0,2640
9.788693794534046,3,2,1,1,1,1,1,0,2880
11.523627988103364,3,2,1,1,1,0,1,0,2760
10.493383103285598,3,3,1,1,1,0,1,1,2520
11.956976469393481,3,2,0,2,0,1,1,1,3600
11.956976469393481,3,2,0,2,0,1,1,1,2880
11.957617696467539,5,2,0,1,0,0,1,1,2880
11.289731912405976,3,2,0,3,1,1,1,1,2520
10.236059335123967,1,5,1,1,1,0,1,1,2520
11.013715451376466,1,2,0,1,0,1,1,1,2880
9.051461866908694,5,2,1,1,0,0,1,1,3240
10.797859820309261,1,5,0,1,0,0,1,0,2520
10.33854382482173,1,2,0,1,0,0,1,0,2520
10.33854382482173,1,2,0,1,0,0,1,0,2520
11.872144170801601,1,2,0,1,1,1,1,1,2760
9.451795243061646,1,1,1,1,1,0,1,0,2880
10.75301863171864,3,1,1,3,1,1,1,1,3480
11.48082573731012,5,2,0,1,0,0,1,1,2880
10.722848794230309,1,3,1,1,1,0,1,0,2760
10.722848794230309,1,3,1,1,1,0,1,0,2760
10.090838109351523,3,3,1,1,1,0,1,0,3000
12.909543849487768,1,1,0,3,0,1,1,0,3480
10.560515206289688,1,2,1,2,1,1,1,0,2880
10.560515206289688,1,2,1,2,1,1,1,0,2640
10.832714252818556,1,3,1,1,1,0,1,0,2640
12.289498853474674,5,1,0,3,0,1,1,1,3000
10.804684950962628,1,3,0,1,1,0,1,0,2640
10.556619704557837,1,1,0,1,1,1,1,0,3000
11.57722333215296,3,2,0,3,0,1,1,1,2760
11.777832647325837,1,2,1,1,0,1,1,0,2880
11.24699183790044,4,2,1,1,0,1,1,0,2760
11.24699183790044,4,2,1,1,0,1,1,0,2520
11.661957351816207,3,1,0,1,0,1,1,1,2880
10.896757843893464,3,1,0,1,0,0,1,0,2520
12.323860125621126,5,1,0,1,0,0,0,1,2520
12.323860125621126,5,1,0,1,0,0,0,1,2520
11.813037464800539,3,1,0,1,0,0,1,1,2880
9.918425424900335,1,2,1,1,1,0,1,0,2520
11.095605363289915,1,2,1,1,1,0,1,1,3600
10.67037299405789,2,3,0,1,1,0,1,0,2520
10.24177956093926,1,2,1,1,0,1,1,1,2520
12.464201028227341,5,1,0,1,1,1,1,0,2160
12.870822923581574,5,1,0,7,0,1,1,1,2880
12.895716195538418,4,1,0,1,0,0,0,1,3600
12.089094910532157,3,1,0,4,1,0,1,1,2160
12.089094910532157,3,1,0,4,1,0,1,1,2160
10.14509950813338,1,2,1,1,1,1,1,1,2520
10.14509950813338,1,2,1,61,1,1,1,0,2520
9.84961197956681,4,2,0,1,0,1,1,1,2160
10.615481020892434,3,1,0,1,0,1,1,0,2880
10.378509817336841,3,2,1,1,0,1,1,1,2520
10.378509817336841,3,2,1,1,0,1,1,1,2520
8.839421607620602,4,1,0,1,0,0,1,0,2520
10.880892198268548,1,3,1,1,1,0,1,0,3240
9.99656797555214,1,3,1,1,1,0,1,0,2520
9.676022175572895,1,2,1,1,1,0,1,0,2880
9.406811351874557,1,2,1,1,1,1,1,0,2520
10.927214644012448,1,3,1,1,1,1,1,1,2880
11.2922912626048,3,1,0,1,0,1,1,0,2640
11.487464056932355,1,2,1,1,0,1,1,0,3000
11.039572232060571,1,2,0,1,0,1,1,0,3000
11.039572232060571,1,2,0,1,0,1,1,0,3000
10.656341286557868,3,1,0,4,0,1,1,1,3480
11.417306237415566,1,2,1,1,0,1,1,0,2880
10.778977123006351,1,2,1,1,0,0,1,0,2640
10.952401765007385,3,2,0,1,0,0,1,1,2760
10.952401765007385,3,2,0,1,0,0,1,1,2040
11.877089297054438,5,2,0,1,0,1,1,1,2880
12.196077863689075,5,3,0,1,0,0,1,1,3000
12.196077863689075,5,3,0,1,0,0,1,1,3000
10.518700218288165,3,3,1,1,1,0,1,1,3000
10.518700218288165,3,3,1,1,1,0,1,0,2760
11.11171628752756,1,3,1,1,1,1,1,0,3000
11.11171628752756,1,3,1,1,1,1,1,0,3000
11.43605521971203,1,2,0,1,1,0,1,1,0
11.43605521971203,1,2,0,1,1,0,1,0,3000
11.43605521971203,1,2,0,1,1,0,1,0,3000
10.283669040109793,5,5,0,1,1,0,1,1,3000
10.365364499570234,1,2,0,1,0,1,1,0,2760
10.365364499570234,1,2,0,1,0,1,1,0,2640
10.732715997033832,1,3,0,1,1,0,1,0,1920
12.349787633878707,5,5,0,1,0,0,1,1,2760
10.285376924115587,1,2,1,1,0,1,1,0,2520
9.525953709356655,1,3,1,1,1,1,1,1,2220
10.141756141595407,4,2,0,1,0,0,1,0,2340
7.917900586327916,1,2,1,2,0,1,1,0,2520
11.709158145176854,1,2,0,1,0,0,1,0,2160
10.548782878576425,3,3,1,1,1,0,1,0,2460
10.506737377491612,1,3,0,3,1,0,1,0,2100
10.737092085791328,3,2,1,2,0,0,1,0,2520
10.737092085791328,3,2,1,1,0,0,1,0,2520
10.490468337248462,1,2,1,1,0,1,1,0,2520
9.83097062169695,3,1,0,2,0,1,1,1,2880
11.669168240552514,3,1,0,1,0,1,1,1,2520
11.669168240552514,3,1,0,1,0,1,1,0,2520
10.142543822310387,1,5,1,1,1,1,1,0,2220
11.195484970354173,3,3,0,1,0,0,1,0,2520
11.195484970354173,3,3,0,1,0,0,1,0,2400
10.53876724439254,1,2,0,1,1,1,1,0,2280
11.88671413021784,5,1,0,1,0,1,0,1,2520
10.727684925086583,1,2,1,1,1,1,1,1,2100
9.977713374888099,1,3,0,1,1,0,1,0,2280
9.977713374888099,1,3,0,1,1,0,1,0,2340
9.937937287265354,3,3,1,1,1,0,1,0,2580
9.918425424900335,1,2,0,1,1,0,1,1,2340
10.827766295132466,3,1,0,1,1,0,1,1,2520
7.8083230503910555,1,1,1,15,0,1,1,1,2520
11.688692252793508,1,1,0,1,1,1,1,0,2220
12.012190522149064,3,1,0,15,0,1,1,1,2520
12.012190522149064,3,1,0,15,0,1,1,1,2520
10.382853468483827,1,3,0,1,0,0,1,1,2340
11.353355125282244,1,3,0,1,0,1,1,0,2160
11.562581920467618,3,2,0,1,1,1,1,1,2100
8.357259153499912,1,3,0,1,0,0,1,0,2340
9.714805812589491,5,3,0,1,1,1,1,0,1800
9.460398455831275,2,3,0,1,1,0,1,0,2400
10.79448098903612,1,3,0,1,0,1,1,0,2160
9.55044884660634,1,3,0,1,1,1,1,0,2400
10.56941768680252,1,3,1,2,0,0,1,0,2160
9.878989920935728,1,2,0,1,0,0,1,1,2160
9.878989920935728,1,2,0,1,0,0,1,0,1440
11.617744834234752,1,2,0,1,0,1,1,0,2220
10.975259507243907,3,2,1,1,0,1,1,1,2160
9.529593783265282,2,2,0,1,0,1,1,0,2520
9.529593783265282,2,2,0,1,0,1,1,0,2520
9.87822102528824,2,1,1,1,0,1,1,0,2340
7.565793282428515,3,1,1,1,1,1,1,0,1980
11.589664259189117,5,1,0,15,0,1,1,1,2640
9.680406499268875,3,2,0,2,0,1,1,1,2220
11.189837261254489,3,2,0,3,0,1,1,1,2520
9.059633754551479,3,3,1,3,0,1,1,0,2100
10.849744770527753,1,3,1,3,1,0,1,0,1800
10.518700218288165,1,5,1,2,0,0,1,0,2460
11.663420901097732,3,5,1,1,0,1,1,1,2520
11.028433383156079,1,5,1,1,0,0,1,0,2220
11.476271853988816,1,5,0,1,1,0,1,0,2520
11.476271853988816,1,5,0,1,1,0,1,0,2520
11.322067577153987,1,5,1,1,0,0,1,1,2520
10.721084386282662,1,5,1,1,0,0,1,1,2700
12.755941082010716,3,5,0,1,0,0,1,1,2760
11.519414366438353,3,5,0,2,0,0,1,0,2880
11.189699112993557,1,5,0,2,0,0,1,0,2700
11.002699661276205,1,3,1,2,0,1,1,1,2220
11.002699661276205,1,3,1,1,0,1,1,0,2220
12.413984785601855,2,1,0,1,0,1,1,0,2580
12.413984785601855,2,1,0,1,0,1,1,0,2580
10.206218323189427,1,2,1,1,1,1,1,0,2580
7.884576510596324,3,5,0,1,0,0,1,0,2580
9.703877405604631,1,5,1,1,1,0,1,0,2580
11.284505517930617,3,5,0,1,0,0,1,0,2580
11.284505517930617,3,5,0,1,0,0,1,0,2460
9.370842268630211,1,5,1,1,0,0,1,0,2160
10.33854382482173,1,5,1,1,1,0,1,0,2580
10.33854382482173,1,5,1,1,1,0,1,0,2580
10.907807476583594,3,1,1,1,0,0,1,1,2580
10.231027154561334,1,2,1,2,0,0,1,0,2580
9.981882749963502,1,2,1,1,0,0,1,0,2160
9.981882749963502,1,2,1,1,0,0,1,0,2580
11.062896997155411,3,2,1,1,0,1,1,0,2160
11.062896997155411,3,2,1,2,0,1,1,0,2160
11.110894453596346,1,2,1,1,1,1,1,0,2160
10.593906013524816,1,1,0,1,0,0,1,0,2520
10.437961341207826,1,2,1,1,1,1,1,0,2520
10.437961341207826,1,2,1,1,1,1,1,0,2340
11.42563404877328,1,2,1,2,0,1,1,1,2520
9.937937287265354,1,5,1,1,0,0,1,0,2520
10.34048362692364,1,3,1,1,0,0,1,0,2160
9.669093450449063,1,2,1,1,0,0,1,0,2520
8.50532301884575,2,3,1,1,0,0,1,0,2520
8.50532301884575,2,3,1,1,0,0,1,0,2520
10.968732629502142,1,2,0,1,0,1,1,0,2340
11.419724060136211,1,2,1,1,0,0,1,0,2160
10.852264835444583,1,2,1,1,0,0,1,0,2160
10.852264835444583,1,2,1,1,0,0,1,0,2160
10.615235658245211,1,2,1,1,0,0,1,0,2160
10.738589920723442,1,2,1,1,1,0,1,0,2160
9.268703615273097,1,2,1,1,0,0,1,0,2160
11.588598640125822,1,2,1,1,1,1,1,0,2580
10.709985739582528,1,2,1,1,0,0,1,0,2160
9.91447694733573,1,5,1,1,0,0,1,0,1980
10.225607282932941,1,5,1,1,1,0,1,0,2160
10.225607282932941,1,5,1,1,1,0,1,0,2160
10.473930231870588,1,3,1,1,1,0,1,0,2160
8.812992231969966,1,5,1,1,0,0,1,0,1860
10.36356710058417,1,3,1,1,1,0,1,0,2160
10.149214175850595,1,1,0,2,0,1,1,0,2580
10.975601849898009,1,2,1,2,1,1,1,0,2400
10.717546203426988,1,5,1,1,0,1,1,0,2580
10.393630762106916,1,1,0,1,0,0,1,0,2160
12.599866576311172,1,3,0,2,0,0,1,1,2580
9.647368744540465,1,3,1,1,0,0,1,0,2880
11.089820688682373,1,2,1,1,0,0,1,0,2340
11.089820688682373,1,2,1,1,0,0,1,0,2160
11.292789885170324,3,1,1,1,0,1,1,1,2580
10.918917487774808,1,1,0,1,0,0,1,1,2580
10.918917487774808,1,1,0,1,0,0,1,1,2580
11.129187601481807,3,2,0,1,0,1,1,0,2580
10.601398368945096,1,5,1,1,0,0,1,0,2520
12.579706471268628,1,5,0,1,0,0,1,0,2520
12.579706471268628,1,5,0,1,0,0,1,1,2520
12.579706471268628,1,5,0,1,0,0,1,0,2520
12.579706471268628,1,5,0,1,0,0,1,0,2520
12.131973904103079,1,3,1,1,1,0,1,0,3000
12.131973904103079,1,3,1,1,1,0,1,0,3000
12.131973904103079,1,3,1,1,1,0,1,0,3000
11.067091384711677,1,3,0,1,0,0,1,0,2580
11.037322186913999,3,3,0,3,0,0,1,0,2520
8.497194544909547,3,5,1,1,0,0,1,0,2580
10.902297921958713,3,2,0,1,0,0,1,0,2520
10.902297921958713,3,2,0,1,0,0,1,0,2520
11.37929120991269,2,5,0,1,1,0,1,0,2160
11.37929120991269,2,5,0,1,1,0,1,0,2160
11.37929120991269,2,5,0,1,1,0,1,0,2160
11.951186847493476,1,5,1,3,0,0,1,1,2580
11.951186847493476,1,5,1,5,0,0,1,0,2580
11.482991892511098,3,5,0,2,0,0,1,1,2520
12.04252966245671,1,2,0,1,0,0,1,1,2520
11.56519528240391,1,2,1,1,0,1,1,0,2580
11.56519528240391,1,2,1,1,0,1,1,0,2580
11.285472642067921,1,5,1,1,1,0,1,0,2400
11.285472642067921,1,5,1,1,1,0,1,0,2400
11.285472642067921,1,5,1,1,1,0,1,0,2400
11.531069855406209,2,5,0,1,0,1,1,1,2520
9.630102784785171,1,5,0,1,0,0,1,0,2160
10.55856935228928,1,3,1,1,1,1,1,0,2580
10.614007941153417,1,1,0,1,0,0,1,0,2580
10.614007941153417,1,1,0,1,0,0,1,0,2580
11.658332314401276,1,3,0,10,0,1,1,1,2160
11.658332314401276,1,3,0,10,0,1,1,0,2160
10.999613419284296,1,2,0,3,1,1,1,1,2580
11.450156044717149,1,2,1,1,0,0,1,0,1440
11.450156044717149,1,2,1,1,0,0,1,0,1440
12.231501572340537,3,5,0,8,0,1,1,0,2580
12.231501572340537,3,5,0,1,0,1,1,0,2580
10.970110253663124,1,2,1,1,1,0,1,0,2160
10.970110253663124,1,2,1,1,1,0,1,0,2100
10.949770923024142,5,1,0,3,0,1,1,0,3000
10.344351978996153,3,2,0,1,0,1,1,0,2160
10.778977123006351,1,3,1,1,0,0,1,0,2160
9.418816886246988,3,2,0,1,1,0,1,0,3000
11.264476926102367,3,2,0,2,0,0,1,1,2220
10.433556823868823,3,3,1,1,0,0,1,0,2160
11.674117013888067,3,2,0,3,0,0,1,1,2580
11.674117013888067,3,2,0,3,0,0,1,1,2580
11.674117013888067,3,2,0,3,0,0,1,1,2580
10.238744765600796,1,3,1,1,1,0,1,0,2160
10.238744765600796,1,3,1,1,1,0,1,0,2160
9.919410113079943,1,3,1,1,0,0,1,0,2580
9.919410113079943,1,3,1,1,0,0,1,0,2160
10.158168529848494,1,3,1,1,0,0,1,0,2520
10.158168529848494,1,3,1,1,0,0,1,0,2520
10.585118677134826,1,5,1,1,1,0,1,0,2520
12.077136393343642,1,2,1,1,0,0,1,0,2160
9.503084610020228,1,3,1,2,0,1,1,0,2520
9.503084610020228,1,3,1,2,0,1,1,0,2520
10.22015787614662,1,2,0,3,1,0,1,1,3000
10.22015787614662,1,2,0,3,1,0,1,0,3000
11.322986972837104,3,2,0,3,1,1,1,0,2160
10.939355265539387,1,2,1,3,0,1,1,0,2520
11.185407023221142,1,2,0,1,0,0,1,0,2580
11.52555537087025,2,2,0,1,0,0,1,1,2580
11.52555537087025,2,2,0,1,0,0,1,0,2580
10.33724852979914,3,1,0,1,0,1,1,1,2520
10.742054552499475,1,2,1,1,0,1,1,1,2580
10.759518595997553,3,2,1,1,0,0,1,0,2580
10.531589416892908,1,2,1,1,0,1,1,1,2580
8.46611040118692,1,2,1,1,0,1,1,0,2580
8.46611040118692,1,2,1,1,0,1,1,0,2580
10.87882047837734,1,2,1,1,0,0,1,0,1560
10.444095254586585,1,2,1,1,0,0,1,0,2160
10.82687305688615,1,3,1,1,1,1,1,0,1860
10.309652415758565,1,3,1,1,0,1,1,0,2580
9.899529730681785,1,1,0,1,0,1,1,1,1800
10.183238254661628,1,3,0,1,0,0,1,0,2160
11.87340018062404,1,3,0,4,0,0,1,1,2580
11.397076807198014,1,2,1,1,0,0,1,0,2580
11.068215243411098,3,1,1,5,1,0,1,1,2580
10.526775414924009,1,2,0,4,0,0,1,0,2580
11.03973275601109,1,2,0,4,0,0,1,0,2580
9.632400353656184,5,3,0,3,0,0,1,1,2580
11.274680966120778,3,3,0,3,0,0,1,1,2580
10.659163423376018,1,1,1,1,0,0,1,0,2580
10.659163423376018,1,1,1,1,0,0,1,0,2580
10.4889381576407,1,2,0,1,0,0,1,0,2580
11.266142184089734,1,2,1,1,0,1,1,0,2520
10.700454061735071,1,5,1,1,0,0,1,0,2520
10.700454061735071,1,5,1,1,0,0,1,0,2520
10.896757843893464,3,5,1,3,0,0,1,1,2940
10.896757843893464,3,5,1,1,0,0,1,0,2580
10.86839700531273,1,5,1,1,0,0,1,0,2520
10.768084910001393,3,5,1,1,0,0,1,0,2520
11.19973411321324,1,3,1,1,0,0,1,1,2580
11.19973411321324,1,3,1,1,0,0,1,1,2580
12.399791505609556,1,5,0,1,1,0,1,0,1200
12.399791505609556,1,5,0,1,1,0,1,0,1200
10.887455624298198,1,5,1,1,0,0,1,0,420
11.87416696629623,3,5,0,1,0,0,1,1,2520
11.839650350136562,3,5,1,1,0,0,1,0,2400
10.525138731391003,1,5,0,3,0,1,1,1,2580
10.566587811743776,1,5,0,1,0,0,1,0,2160
11.21196900978784,1,5,1,1,0,0,1,0,2220
9.822873848541882,1,5,1,1,1,0,1,0,2160
10.982679140964633,1,5,1,1,1,0,1,0,2160
11.054154512337606,2,5,1,1,0,1,1,0,2580
10.984292222554274,1,5,0,1,0,0,1,0,2580
10.984292222554274,1,5,0,1,0,0,1,0,2580
11.186932132354066,1,5,0,1,0,0,1,0,2520
10.139389369949,1,3,1,1,0,0,1,0,2160
9.968853855967382,1,3,1,1,1,1,1,0,1380
9.968853855967382,1,3,1,1,1,1,1,0,2520
11.38316979247768,3,5,1,1,0,0,1,0,1800
11.017004873924424,3,2,0,2,0,1,1,0,2220
11.017004873924424,3,2,0,2,0,1,1,1,2220
10.674081767229582,3,5,0,1,0,1,1,1,1800
11.782578486409182,3,2,0,1,0,0,1,0,2220
11.782578486409182,3,2,0,1,0,0,1,0,2220
11.514434326066581,1,5,0,1,0,1,1,0,3000
11.514434326066581,1,5,0,1,0,1,1,1,3000
12.719886799188798,3,3,1,1,1,0,1,0,1980
11.239816684367907,1,3,1,1,0,0,1,0,2580
11.525752841275015,3,2,0,1,0,1,1,0,2580
11.42497910556619,1,2,1,1,0,0,1,0,2640
11.1541196809749,1,2,0,1,0,0,1,1,1980
10.782720031453678,1,2,1,1,0,0,1,0,2100
9.75272280064639,1,2,1,1,0,0,1,1,2280
10.601149526063207,3,4,1,1,0,0,1,0,1980
10.525434069084952,2,2,0,1,0,1,1,1,2220
10.510014188812299,1,2,1,1,0,1,1,0,720
11.62688787800082,3,2,1,1,0,0,1,0,1800
10.50783084142058,1,5,1,2,0,0,1,0,1980
11.452442708090487,1,5,1,2,1,0,1,1,2100
11.452442708090487,1,5,1,2,1,0,1,0,1800
11.403344946501493,2,5,1,1,0,0,1,0,1800
11.581620958911527,1,4,1,1,0,0,1,0,0
11.581620958911527,1,4,1,1,0,0,1,0,0
11.263579098784021,1,2,1,1,0,0,1,0,2580
11.306774223156788,1,2,1,1,0,0,1,0,2580
11.431726255472853,2,2,1,1,1,1,1,0,2580
11.431726255472853,2,2,1,1,1,1,1,0,2580
11.192733974822708,3,5,0,1,0,0,1,1,2220
11.192733974822708,3,5,0,1,0,0,1,0,2220
12.324304469354969,3,2,0,1,0,1,1,0,2580
11.58989576532275,3,5,1,1,0,0,1,0,1800
11.58989576532275,3,5,1,1,0,0,1,0,1800
10.997941206055378,1,5,1,1,0,1,1,1,2580
10.997941206055378,1,5,1,1,0,1,1,0,2340
12.073403738001284,1,2,1,1,0,1,1,0,1680
11.352533683253327,1,2,1,1,0,0,1,0,1440
11.684531481546326,1,2,1,10,0,1,1,0,2580
10.650673006578945,1,1,0,3,0,0,1,1,2580
10.650673006578945,1,1,0,3,0,0,1,1,2580
11.467938559235831,5,2,1,2,0,1,1,1,2580
10.392098241730961,1,2,1,2,0,0,1,0,2280
10.424689159126888,1,4,1,1,0,0,1,0,2580
10.926855325994174,1,4,0,1,0,0,1,0,1860
11.14924029241027,1,2,1,1,0,0,1,1,2220
11.352533683253327,1,2,1,1,0,1,1,0,2940
11.020283511637867,3,5,0,1,0,0,1,1,3000
12.06180381236291,1,5,0,8,0,0,1,0,3000
11.364437057512568,3,5,0,1,0,1,1,1,2580
11.890683588496984,1,2,0,3,0,1,1,1,3000
11.488643018250334,1,2,0,1,0,1,1,1,2580
11.866823557021958,1,2,0,2,0,1,1,0,2220
10.508650155427521,1,2,1,1,0,1,1,0,2040
10.501114531238661,1,2,1,1,0,0,1,0,1440
11.67335070422742,3,2,0,1,0,0,1,0,2580
11.67335070422742,3,2,0,1,0,0,1,1,2580
8.431853144249223,1,2,0,1,1,1,1,0,2040
11.229248693912288,1,2,1,1,0,0,1,1,1800
11.722383799419628,3,2,0,1,0,0,1,0,2220
9.96509992166365,1,2,1,1,0,0,1,0,2760
9.952325334619427,3,2,1,1,0,0,1,1,2700
9.952325334619427,3,2,1,1,0,0,1,1,2700
11.02632079786699,5,2,0,1,0,0,1,0,2520
8.987321812850125,2,2,1,1,0,0,1,0,2580
10.63106031411106,1,4,0,1,1,0,1,0,0
9.503084610020228,3,2,0,1,0,1,1,1,2520
9.503084610020228,3,2,0,1,0,1,1,1,2520
11.040214173312895,1,2,0,1,1,0,1,0,2580
10.881268413919793,3,2,1,1,0,0,1,0,1980
10.629537452771782,1,2,1,1,0,0,1,0,2820
10.629537452771782,1,2,1,1,0,0,1,0,2820
10.617931341885154,1,2,0,1,1,0,1,0,0
10.617931341885154,1,2,0,1,1,0,1,0,1500
9.019300924562506,1,2,1,1,0,0,1,1,2040
10.4994628213438,3,5,0,1,0,0,1,0,1620
10.649488059999875,1,5,0,1,1,0,1,0,1620
10.649488059999875,1,5,0,1,1,0,1,0,1620
10.970626373827352,3,5,0,1,0,0,1,0,2580
10.518700218288165,1,2,1,2,0,0,1,0,1260
9.27995971385624,2,2,0,1,0,0,1,1,2520
10.620497733360601,1,3,1,1,1,0,1,0,2400
10.06266841688844,1,3,0,1,1,0,1,0,2340
10.482373613207029,1,3,1,1,0,0,1,0,2220
10.482373613207029,1,3,1,1,0,0,1,0,2220
10.771344056887887,3,3,0,1,0,1,1,0,3000
12.143963171866663,1,3,0,1,0,1,1,1,2220
10.016860879703811,1,3,1,1,1,0,1,0,2220
9.88078171500049,1,2,0,1,0,0,1,1,2040
9.88078171500049,1,2,0,1,0,0,1,1,2040
10.384709273043539,1,3,0,1,0,1,1,0,2040
10.503998475174141,1,3,0,1,1,0,1,1,2220
9.685393729854024,5,3,1,2,0,1,1,0,1980
9.863498544319764,1,2,1,2,0,0,1,1,2580
11.390656130909488,3,3,0,1,1,0,1,0,2040
11.390656130909488,3,3,0,1,1,0,1,0,2400
10.747229096720554,1,2,1,1,0,0,1,0,2040
10.747229096720554,1,2,1,1,0,0,1,0,2160
10.133646438744243,1,2,0,1,1,1,1,0,2220
10.133646438744243,1,2,0,1,1,1,1,0,2220
11.512435344880998,1,2,1,1,0,0,1,0,2580
10.403990075979044,4,3,1,1,1,0,1,1,2040
10.927035001141991,3,2,0,2,1,0,1,0,2400
11.829493783451232,1,2,0,2,0,0,1,0,0
10.740756721857226,3,3,0,1,0,1,1,0,2220
10.069256195989015,1,3,0,2,0,0,1,0,2220
9.081483749851179,5,3,0,1,0,0,1,1,2580
11.0694624957204,1,3,0,1,0,0,1,0,1860
11.150534214035387,1,3,0,2,0,0,1,0,2520
11.250924134634177,3,2,0,1,1,1,1,1,3000
11.360834329491423,1,2,0,2,0,1,1,1,2580
10.765554384199836,3,1,0,1,0,0,1,1,2880
10.349806654652559,1,2,0,1,0,0,1,1,2580
10.349806654652559,1,2,0,1,0,0,1,0,2580
10.349806654652559,1,2,0,1,0,0,1,1,2220
10.824586705402588,1,3,1,1,0,0,1,1,2580
10.547995807489514,1,3,1,1,1,0,1,1,2580
11.06665398721974,5,3,0,1,0,0,1,1,2580
11.580593459194764,3,3,0,1,0,0,1,1,2220
11.580593459194764,3,3,0,1,0,0,1,0,2220
10.403990075979044,1,3,1,1,0,0,1,0,1980
11.358176272736815,3,2,1,1,0,0,1,1,2580
9.214431989879436,1,3,1,1,0,0,1,0,360
9.214431989879436,1,3,1,1,0,0,1,0,360
9.163353580751846,3,1,0,1,0,1,1,1,1980
6.878326468291325,3,2,0,2,1,1,1,1,2580
11.237185138527495,5,2,1,2,0,0,1,1,1500
11.237185138527495,5,2,1,2,0,0,1,0,1680
10.301122081529105,1,3,0,1,0,0,1,0,1620
9.557540571952371,1,2,0,1,1,0,1,0,2220
9.557540571952371,1,2,0,1,1,0,1,0,2580
10.757094043032893,1,2,0,1,0,0,1,0,2280
10.757094043032893,1,2,0,1,0,0,1,0,2280
11.865067149196319,3,1,0,10,0,0,1,1,3000
11.865067149196319,3,1,0,2,0,0,1,1,3000
10.82865873621622,1,3,1,1,0,1,1,1,3060
11.046770420412676,3,4,1,1,1,0,1,1,2580
10.97765344829931,3,3,0,2,0,0,1,0,3420
10.97765344829931,3,3,0,2,0,0,1,0,3420
11.073660524150764,5,3,0,1,0,0,1,1,2580
11.073660524150764,5,3,0,3,0,0,1,1,2580
10.295901192899562,3,3,0,1,0,1,1,0,2580
11.035873051311158,3,3,0,1,0,1,1,1,3120
11.035873051311158,3,3,0,1,0,1,1,0,3120
8.79497643168877,3,3,0,1,1,0,1,0,2580
9.84802769533176,1,3,0,1,1,0,1,0,3420
9.84802769533176,1,3,0,1,1,0,1,0,2580
9.666561963748133,1,3,0,1,0,0,1,0,2940
9.829625703937673,1,3,0,1,1,1,1,0,2160
9.829625703937673,1,3,0,1,1,1,1,0,2580
11.40099899609809,3,1,0,2,0,1,1,1,2880
9.147507062804614,1,2,1,1,1,0,1,0,2880
9.147507062804614,1,2,1,1,1,0,1,0,2880
10.539032102959615,1,2,0,1,0,0,1,1,2400
11.518022453228072,1,2,1,1,1,0,1,1,2340
8.952346543226227,3,2,0,1,0,1,1,0,2340
11.485564545613576,4,1,0,1,0,0,1,1,2160
10.795096171764786,3,1,0,1,1,0,1,1,2220
10.795096171764786,3,1,0,1,1,0,1,1,2220
10.577808628846025,1,3,1,1,0,0,1,0,2520
10.616584408403694,5,1,0,1,0,1,1,0,2520
10.154246270883311,3,1,1,1,0,1,1,0,2220
10.729875458480967,1,3,0,2,0,1,1,0,2160
10.74507628970625,1,2,1,1,1,1,1,1,2700
10.74507628970625,1,2,1,1,1,1,1,0,2160
10.691740346523579,1,3,1,1,0,1,1,0,2100
9.968853855967382,1,3,0,2,0,1,1,0,2280
11.55838628349022,3,1,0,3,0,0,0,1,2820
10.106469212026385,4,5,0,1,1,0,0,1,2520
10.106469212026385,4,5,0,1,1,0,0,0,2520
11.765247163561801,3,2,0,2,0,1,1,1,3360
10.7706090484022,3,5,1,1,0,0,1,0,2340
11.551963469125544,3,5,0,1,0,0,1,0,2220
10.809344036488135,3,5,1,1,0,0,1,0,2640
11.485050544204174,1,2,0,3,0,1,1,1,2520
9.955652966516807,3,2,0,2,0,1,1,1,2520
9.179984251961283,3,3,1,1,1,0,1,0,2520
8.717845704894916,1,3,1,1,0,1,1,0,2640
10.578776214794761,1,2,1,4,0,1,1,0,720
9.344521553442203,1,3,1,4,1,0,1,0,2520
9.344521553442203,1,3,1,1,1,0,1,0,2460
9.642187721358466,3,2,1,3,0,1,1,0,2520
11.159046608333497,1,2,0,1,0,0,1,1,2220
10.650791424048029,1,2,0,1,0,1,1,1,2400
11.360950749348124,3,2,0,1,0,1,1,1,2640
10.428245666832275,1,3,0,1,1,1,1,0,2520
10.428245666832275,1,3,0,1,1,1,1,0,2520
10.415442538332677,3,3,0,1,1,1,1,1,2580
10.421566805013427,1,3,0,1,0,0,1,0,2580
9.809231816610408,1,1,0,1,0,0,1,1,2640
11.352909283337558,3,2,0,1,0,1,1,1,2580
11.6617850286409,1,3,0,1,0,0,1,0,2580
10.02042578700401,3,1,1,1,1,0,1,0,2580
10.02042578700401,3,1,1,1,1,0,1,0,2220
9.651880224221337,1,3,0,1,0,0,1,1,2520
10.351405324899678,1,3,0,1,1,1,1,0,2520
10.91000282698325,3,2,1,1,0,1,1,1,2580
10.91000282698325,3,2,1,1,0,1,1,1,2580
12.131085055857136,5,2,0,1,0,1,1,1,3360
11.017004873924424,1,2,1,1,0,0,1,0,2580
11.017004873924424,1,2,1,1,0,0,1,0,2580
10.396994062531652,1,2,0,1,0,0,1,0,1440
10.734242182303689,1,2,1,1,0,1,1,0,1860
10.883560269446571,1,2,1,1,0,0,1,0,1920
10.970626373827352,1,2,1,1,0,1,1,0,1500
10.955724259582695,1,2,1,1,0,0,1,0,2040
10.849162314098441,1,2,1,1,0,0,1,0,2220
10.871060578737334,1,2,1,1,0,0,1,0,2220
10.75579427616868,1,4,0,1,0,0,1,0,1860
11.244405291716395,1,4,0,1,0,0,1,1,2220
11.244405291716395,1,4,0,1,0,0,1,0,2220
11.244405291716395,1,4,0,1,0,0,1,0,2220
11.459324246215024,1,2,1,1,0,1,1,0,2940
10.940064850284704,1,2,1,1,0,0,1,0,180
10.956073354557526,1,2,1,1,0,0,1,0,1800
10.256992477269039,1,2,1,1,1,0,1,0,1980
10.60735209643727,3,2,1,1,0,0,1,0,1980
11.690075338300055,3,2,0,1,0,0,1,0,2160
11.690075338300055,3,2,0,1,0,0,1,0,2520
9.974924102473977,1,2,1,1,0,0,1,1,2280
11.949766493586626,1,2,1,1,0,0,1,0,2040
10.584966928228392,1,2,1,1,0,1,1,0,1860
10.90468912348068,1,2,1,1,1,0,1,0,2580
10.591396035047872,1,2,1,1,0,0,1,0,2160
10.591396035047872,1,2,1,1,0,0,1,1,2160
10.596659732783579,3,2,1,2,0,0,1,1,2580
10.589131655274922,1,3,1,1,0,1,1,0,2580
10.682835364853922,3,2,0,1,0,0,1,1,2580
11.660146475719875,1,1,1,1,0,1,1,0,2160
11.410903813540878,1,2,0,1,0,0,1,0,2160
10.604131561522696,1,5,1,1,0,0,1,0,2160
11.022931350784171,1,2,0,1,1,0,1,0,2580
11.022931350784171,1,2,0,1,1,0,1,0,2580
10.043292972227004,1,5,1,1,1,0,1,0,2580
11.179925194094393,3,2,1,1,1,1,1,1,2520
11.626263078808801,1,2,0,1,0,0,1,0,2580
11.626263078808801,1,2,0,1,0,0,1,0,2580
10.568775236216993,1,3,0,1,0,0,1,1,2580
10.801023507926635,1,3,0,1,0,0,1,0,2580
12.801334082366724,1,1,0,1,0,0,1,0,360
11.462431850753243,1,2,1,1,1,1,1,0,2580
10.667349454681297,1,2,1,1,0,1,1,0,2160
10.357457069703907,1,2,1,1,0,0,1,0,2160
11.250924134634177,1,2,1,4,0,1,1,0,2940
10.2527702409553,1,2,1,1,0,1,1,1,2520
10.563620718477313,1,5,1,1,0,0,1,0,2520
10.563620718477313,1,5,1,1,0,0,1,0,2940
9.374073563958785,1,2,1,1,0,0,1,0,2580
11.349594441107186,1,2,1,1,0,0,1,1,2580
11.349594441107186,1,2,1,1,0,0,1,1,2220
10.545367754151743,1,2,1,2,0,0,1,0,2580
10.4994628213438,1,2,1,1,0,1,1,0,2940
11.046690724532112,1,2,1,1,1,0,1,0,2940
10.288783966353765,1,3,0,1,0,0,1,0,2580
10.288783966353765,1,3,0,1,0,0,1,0,2580
10.65492722584759,1,3,0,1,0,0,1,1,2580
10.65492722584759,1,3,0,1,0,0,1,1,1860
10.025749432069084,1,3,1,1,0,0,1,0,2940
11.079076314320059,3,1,0,1,0,1,1,1,2580
10.431494724510879,3,2,0,1,0,1,1,1,1620
10.113991560303875,1,2,1,1,1,0,1,0,2580
10.113991560303875,1,2,1,1,1,0,1,1,2580
10.553100731072345,1,2,1,1,1,1,1,0,1560
11.43281025466844,1,2,0,1,0,0,1,0,2940
9.278092474027002,5,1,0,1,0,0,1,1,2580
11.757368561854895,3,1,0,1,0,0,1,1,2640
11.757368561854895,3,1,0,1,0,0,1,0,3000
9.864798697921016,1,2,1,1,1,1,1,0,2040
9.864798697921016,1,2,1,1,1,1,1,0,1980
9.031333316150057,1,3,0,1,0,0,1,0,2580
10.328134180060221,1,3,0,1,0,0,1,0,2580
11.26271899410633,3,3,0,1,1,0,1,0,2580
10.460557244776187,1,3,0,1,0,0,1,0,1860
10.460557244776187,1,3,0,1,0,0,1,0,2220
11.171856680390034,4,3,0,1,0,1,1,1,3000
10.952226590708511,1,3,1,1,0,1,1,0,0
11.347354824913376,1,5,0,1,1,0,1,0,2580
10.319265961919356,3,5,1,1,1,0,1,0,2340
10.540090836284206,1,5,1,1,0,0,1,1,1980
11.002949480158815,2,5,0,1,1,1,1,0,2340
10.50783084142058,1,5,1,1,0,1,1,0,2580
10.50783084142058,1,5,1,1,0,1,1,1,2580
10.92415631759022,1,5,1,1,0,0,1,1,2580
11.291043617373028,1,5,1,1,1,1,1,0,2220
11.291043617373028,1,5,1,1,1,1,1,0,2220
10.84429527182336,1,2,0,2,0,0,1,0,2220
10.742486788680049,1,2,0,1,0,1,1,0,2340
10.742486788680049,1,2,0,1,0,1,1,0,2340
12.834123816251262,3,2,0,1,0,0,1,1,1260
10.261196961231647,1,2,0,1,0,0,1,0,1800
12.180708682634608,1,2,0,1,0,1,1,1,3420
10.186445986151496,1,3,0,1,1,0,0,0,2940
10.186445986151496,1,3,0,1,1,0,0,0,1680
12.535739636044429,3,1,0,1,0,1,1,0,2580
11.878012924266404,5,1,0,1,0,0,1,0,2940
12.610540589969192,5,1,0,3,0,1,1,1,4320
12.610540589969192,5,1,0,3,0,1,1,1,3060
12.888969975385358,3,1,0,1,0,0,1,1,2580
11.82256225906572,1,1,0,1,1,1,0,0,2580
11.82256225906572,1,1,0,1,1,1,0,1,2580
11.82256225906572,1,1,0,1,1,1,0,1,3000
11.82256225906572,1,1,0,1,1,1,0,0,2580
12.919181754422706,5,1,0,1,0,1,0,1,2220
10.778977123006351,3,1,0,1,0,0,1,1,2220
12.778466445824812,3,1,0,1,0,0,0,1,2580
11.957617696467539,5,1,0,1,0,0,0,1,2580
11.957617696467539,5,1,0,1,0,0,0,1,2580
11.511934974596555,5,1,0,4,0,0,0,1,1800
